{"var_RobustEDAC_train_var": 2.5000000000000018, "var_RobustEDAC_train_mean": 2.5000000000000018, "var_RobustEDAC_test_mean": 2.5000000000000018, "var_RobustEDAC_sim_mean": 500.0, "var_RobustEDAC_sim_var": 500.0, "_timestamp": 1724181340.971066, "_runtime": 208.70208191871643, "_step": 11, "var_EDAC_train_var": 2.5000000000000018, "var_EDAC_train_mean": 2.5000000000000018, "var_EDAC_test_mean": 2.5000000000000018, "var_EDAC_sim_mean": 500.0, "var_EDAC_sim_var": 500.0, "asymptoticvar_train_var": 10.805319532442308, "asymptoticvar_train_mean": 8.60752071739514, "asymptoticvar_test_mean": 6.653492296983335, "asymptoticvar_sim_mean": 483.82558699058643, "asymptoticvar_sim_var": 500.0, "var_train_var": 10.805319532442308, "var_train_mean": 8.60752071739514, "var_test_mean": 6.653492296983335, "var_sim_mean": 483.0031811952319, "var_sim_var": 500.0, "cvar_train_var": 10.805319532442308, "cvar_train_mean": 8.60752071739514, "cvar_test_mean": 6.653492296983335, "cvar_sim_mean": 483.8505869905864, "cvar_sim_var": 500.0, "softrobust_train_var": 11.01654713656355, "softrobust_train_mean": 8.683782575402182, "softrobust_test_mean": 6.528771522597632, "softrobust_sim_mean": 464.37688409290917, "softrobust_sim_var": 500.0, "worstrobust_train_var": 10.805319532442308, "worstrobust_train_mean": 8.60752071739514, "worstrobust_test_mean": 6.653492296983335, "worstrobust_sim_mean": 485.88910147897275, "worstrobust_sim_var": 500.0, "naive_bcr_l1_train_var": 10.805319532442308, "naive_bcr_l1_train_mean": 8.60752071739514, "naive_bcr_l1_test_mean": 6.653492296983335, "naive_bcr_l1_sim_mean": 486.3128043766501, "naive_bcr_l1_sim_var": 500.0, "weighted_bcr_l1_train_var": 10.805319532442308, "weighted_bcr_l1_train_mean": 8.60752071739514, "weighted_bcr_l1_test_mean": 6.653492296983335, "weighted_bcr_l1_sim_mean": 480.112260911491, "weighted_bcr_l1_sim_var": 500.0, "naive_bcr_linf_train_var": 10.805319532442308, "naive_bcr_linf_train_mean": 8.60752071739514, "naive_bcr_linf_test_mean": 6.653492296983335, "naive_bcr_linf_sim_mean": 480.9296667068455, "naive_bcr_linf_sim_var": 500.0, "weighted_bcr_linf_train_var": 10.805319532442308, "weighted_bcr_linf_train_mean": 8.60752071739514, "weighted_bcr_linf_test_mean": 6.653492296983335, "weighted_bcr_linf_sim_mean": 480.51096380916823, "weighted_bcr_linf_sim_var": 500.0, "true_model_train_var": 11.01654713656355, "true_model_train_mean": 8.683782575402182, "true_model_test_mean": 6.528771522597632, "true_model_sim_mean": 459.39818119523187, "true_model_sim_var": 500.0, "_wandb": {"runtime": 207}}