{"var_RobustEDAC_train_var": 2.5000000000000018, "var_RobustEDAC_train_mean": 2.5000000000000018, "var_RobustEDAC_test_mean": 2.5000000000000018, "var_RobustEDAC_sim_mean": 500.0, "var_RobustEDAC_sim_var": 500.0, "_timestamp": 1724177651.002815, "_runtime": 210.9223780632019, "_step": 11, "var_EDAC_train_var": 2.5000000000000018, "var_EDAC_train_mean": 2.5000000000000018, "var_EDAC_test_mean": 2.5000000000000018, "var_EDAC_sim_mean": 500.0, "var_EDAC_sim_var": 500.0, "asymptoticvar_train_var": 16.12833028197821, "asymptoticvar_train_mean": 11.731220353124467, "asymptoticvar_test_mean": 10.395447143643324, "asymptoticvar_sim_mean": 480.9496667068455, "asymptoticvar_sim_var": 500.0, "var_train_var": 16.12833028197821, "var_train_mean": 11.731220353124467, "var_test_mean": 10.395447143643324, "var_sim_mean": 484.25428988826366, "var_sim_var": 500.0, "cvar_train_var": 16.12833028197821, "cvar_train_mean": 11.731220353124467, "cvar_test_mean": 10.395447143643324, "cvar_sim_mean": 479.2948551161365, "cvar_sim_var": 500.0, "softrobust_train_var": 17.26748337210358, "softrobust_train_mean": 12.214343969639403, "softrobust_test_mean": 10.598331930539862, "softrobust_sim_mean": 456.9816956836182, "softrobust_sim_var": 500.0, "worstrobust_train_var": 16.12833028197821, "worstrobust_train_mean": 11.731220353124467, "worstrobust_test_mean": 10.395447143643324, "worstrobust_sim_mean": 482.17077539987736, "worstrobust_sim_var": 500.0, "naive_bcr_l1_train_var": 16.12833028197821, "naive_bcr_l1_train_mean": 11.731220353124467, "naive_bcr_l1_test_mean": 10.395447143643324, "naive_bcr_l1_sim_mean": 484.65299278594097, "naive_bcr_l1_sim_var": 500.0, "weighted_bcr_l1_train_var": 16.12833028197821, "weighted_bcr_l1_train_mean": 11.731220353124467, "weighted_bcr_l1_test_mean": 10.395447143643324, "weighted_bcr_l1_sim_mean": 482.99318119523184, "weighted_bcr_l1_sim_var": 500.0, "naive_bcr_linf_train_var": 16.12833028197821, "naive_bcr_linf_train_mean": 11.731220353124467, "naive_bcr_linf_test_mean": 10.395447143643324, "naive_bcr_linf_sim_mean": 484.25928988826365, "naive_bcr_linf_sim_var": 500.0, "weighted_bcr_linf_train_var": 16.12833028197821, "weighted_bcr_linf_train_mean": 11.731220353124467, "weighted_bcr_linf_test_mean": 10.395447143643324, "weighted_bcr_linf_sim_mean": 481.7670725022001, "weighted_bcr_linf_sim_var": 500.0, "true_model_train_var": 17.26748337210358, "true_model_train_mean": 12.214343969639403, "true_model_test_mean": 10.598331930539862, "true_model_sim_mean": 455.9196667068456, "true_model_sim_var": 500.0, "_wandb": {"runtime": 209}}