{"var_RobustEDAC_train_var": 2.5000000000000018, "var_RobustEDAC_train_mean": 2.5000000000000018, "var_RobustEDAC_test_mean": 2.5000000000000018, "var_RobustEDAC_sim_mean": 500.0, "var_RobustEDAC_sim_var": 500.0, "_timestamp": 1724179988.278281, "_runtime": 209.71050190925598, "_step": 11, "var_EDAC_train_var": 2.5000000000000018, "var_EDAC_train_mean": 2.5000000000000018, "var_EDAC_test_mean": 2.5000000000000018, "var_EDAC_sim_mean": 500.0, "var_EDAC_sim_var": 500.0, "asymptoticvar_train_var": 10.805319532442308, "asymptoticvar_train_mean": 9.06631155671321, "asymptoticvar_test_mean": 4.532427558068235, "asymptoticvar_sim_mean": 476.37393483239555, "asymptoticvar_sim_var": 500.0, "var_train_var": 10.805319532442308, "var_train_mean": 9.06631155671321, "var_test_mean": 4.532427558068235, "var_sim_mean": 480.52096380916834, "var_sim_var": 500.0, "cvar_train_var": 10.805319532442308, "cvar_train_mean": 9.06631155671321, "cvar_test_mean": 4.532427558068235, "cvar_sim_mean": 478.85615221845916, "cvar_sim_var": 500.0, "softrobust_train_var": 11.569848319360153, "softrobust_train_mean": 9.343690357067526, "softrobust_test_mean": 4.490266738973357, "softrobust_sim_mean": 457.9631811952319, "softrobust_sim_var": 500.0, "worstrobust_train_var": 10.805319532442308, "worstrobust_train_mean": 9.06631155671321, "worstrobust_test_mean": 4.532427558068235, "worstrobust_sim_mean": 483.82058699058643, "worstrobust_sim_var": 500.0, "naive_bcr_l1_train_var": 10.805319532442308, "naive_bcr_l1_train_mean": 9.06631155671321, "naive_bcr_l1_test_mean": 4.532427558068235, "naive_bcr_l1_sim_mean": 482.6044782975546, "naive_bcr_l1_sim_var": 500.0, "weighted_bcr_l1_train_var": 10.805319532442308, "weighted_bcr_l1_train_mean": 9.06631155671321, "weighted_bcr_l1_test_mean": 4.532427558068235, "weighted_bcr_l1_sim_mean": 478.04874642310466, "weighted_bcr_l1_sim_var": 500.0, "naive_bcr_linf_train_var": 10.805319532442308, "naive_bcr_linf_train_mean": 9.06631155671321, "naive_bcr_linf_test_mean": 4.532427558068235, "naive_bcr_linf_sim_mean": 479.2598551161364, "naive_bcr_linf_sim_var": 500.0, "weighted_bcr_linf_train_var": 10.805319532442308, "weighted_bcr_linf_train_mean": 9.06631155671321, "weighted_bcr_linf_test_mean": 4.532427558068235, "weighted_bcr_linf_sim_mean": 480.9396667068455, "weighted_bcr_linf_sim_var": 500.0, "true_model_train_var": 11.569848319360153, "true_model_train_mean": 9.343690357067526, "true_model_test_mean": 4.490266738973357, "true_model_sim_mean": 462.94318119523183, "true_model_sim_var": 500.0, "_wandb": {"runtime": 208}}