{"var_RobustEDAC_train_var": -5.279474319915632, "var_RobustEDAC_train_mean": -5.472859448409048, "var_RobustEDAC_test_mean": -5.401873679563154, "var_RobustEDAC_sim_mean": -67.612, "var_RobustEDAC_sim_var": 0.0, "_timestamp": 1724141951.1018188, "_runtime": 49.84513878822327, "_step": 11, "var_EDAC_train_var": -4.720509953604263, "var_EDAC_train_mean": -4.807320010989, "var_EDAC_test_mean": -5.01787344312947, "var_EDAC_sim_mean": -100.336, "var_EDAC_sim_var": 0.0, "asymptoticvar_train_var": -4.198033846438674, "asymptoticvar_train_mean": -4.295518068868904, "asymptoticvar_test_mean": -4.853568598465216, "asymptoticvar_sim_mean": -109.164, "asymptoticvar_sim_var": 0.0, "var_train_var": -4.198033846438674, "var_train_mean": -4.295518068868904, "var_test_mean": -4.853568598465216, "var_sim_mean": -97.574, "var_sim_var": 0.0, "cvar_train_var": -4.285985834847533, "cvar_train_mean": -4.382006844776422, "cvar_test_mean": -4.889293831735347, "cvar_sim_mean": -127.584, "cvar_sim_var": 0.0, "softrobust_train_var": -4.198033846438674, "softrobust_train_mean": -4.295518068868904, "softrobust_test_mean": -4.853568598465216, "softrobust_sim_mean": -96.68, "softrobust_sim_var": 0.0, "worstrobust_train_var": -4.285985834847533, "worstrobust_train_mean": -4.382006844776422, "worstrobust_test_mean": -4.889293831735347, "worstrobust_sim_mean": -140.096, "worstrobust_sim_var": 0.0, "naive_bcr_l1_train_var": -5.200000000000004, "naive_bcr_l1_train_mean": -5.200000000000004, "naive_bcr_l1_test_mean": -5.200000000000004, "naive_bcr_l1_sim_mean": -105.238, "naive_bcr_l1_sim_var": 0.0, "weighted_bcr_l1_train_var": -5.200000000000004, "weighted_bcr_l1_train_mean": -5.200000000000004, "weighted_bcr_l1_test_mean": -5.200000000000004, "weighted_bcr_l1_sim_mean": -102.258, "weighted_bcr_l1_sim_var": 0.0, "naive_bcr_linf_train_var": -5.200000000000004, "naive_bcr_linf_train_mean": -5.200000000000004, "naive_bcr_linf_test_mean": -5.200000000000004, "naive_bcr_linf_sim_mean": -96.468, "naive_bcr_linf_sim_var": 0.0, "weighted_bcr_linf_train_var": -5.200000000000004, "weighted_bcr_linf_train_mean": -5.200000000000004, "weighted_bcr_linf_test_mean": -5.200000000000004, "weighted_bcr_linf_sim_mean": -99.042, "weighted_bcr_linf_sim_var": 0.0, "true_model_train_var": -4.198033846438674, "true_model_train_mean": -4.295518068868904, "true_model_test_mean": -4.853568598465216, "true_model_sim_mean": -98.03, "true_model_sim_var": 0.0, "_wandb": {"runtime": 48}}