{"var_RobustEDAC_train_var": 11.818446517375847, "var_RobustEDAC_train_mean": 9.14462597788387, "var_RobustEDAC_test_mean": 5.024087403425362, "var_RobustEDAC_sim_mean": 72.35535565855129, "var_RobustEDAC_sim_var": 86.2971023227292, "_timestamp": 1724146152.532324, "_runtime": 123.72824215888977, "_step": 11, "var_EDAC_train_var": 11.416685638288994, "var_EDAC_train_mean": 8.543031755500868, "var_EDAC_test_mean": 4.411467408776117, "var_EDAC_sim_mean": 130.7615737678347, "var_EDAC_sim_var": 517.7826139363752, "asymptoticvar_train_var": 12.837354509563808, "asymptoticvar_train_mean": 10.707747702645888, "asymptoticvar_test_mean": 6.653492296983335, "asymptoticvar_sim_mean": 70.57316688765049, "asymptoticvar_sim_var": 130.0, "var_train_var": 12.837354509563808, "var_train_mean": 10.707747702645888, "var_test_mean": 6.653492296983335, "var_sim_mean": 67.84071756686856, "var_sim_var": 135.0, "cvar_train_var": 12.837354509563808, "cvar_train_mean": 10.707747702645888, "cvar_test_mean": 6.653492296983335, "cvar_sim_mean": 62.59107262273671, "cvar_sim_var": 121.2971023227292, "softrobust_train_var": 14.416564485426692, "softrobust_train_mean": 11.365396894357536, "softrobust_test_mean": 6.697402157757899, "softrobust_sim_mean": 98.82880485879657, "softrobust_sim_var": 172.5942046454584, "worstrobust_train_var": 12.837354509563808, "worstrobust_train_mean": 10.707747702645888, "worstrobust_test_mean": 6.653492296983335, "worstrobust_sim_mean": 69.72979728312767, "worstrobust_sim_var": 135.0, "naive_bcr_l1_train_var": 12.837354509563808, "naive_bcr_l1_train_mean": 10.707747702645888, "naive_bcr_l1_test_mean": 6.653492296983335, "naive_bcr_l1_sim_mean": 66.2108842134458, "naive_bcr_l1_sim_var": 135.0, "weighted_bcr_l1_train_var": 12.837354509563808, "weighted_bcr_l1_train_mean": 10.707747702645888, "weighted_bcr_l1_test_mean": 6.653492296983335, "weighted_bcr_l1_sim_mean": 62.780485632150274, "weighted_bcr_l1_sim_var": 125.0, "naive_bcr_linf_train_var": 12.837354509563808, "naive_bcr_linf_train_mean": 10.707747702645888, "naive_bcr_linf_test_mean": 6.653492296983335, "naive_bcr_linf_sim_mean": 70.1192755806823, "naive_bcr_linf_sim_var": 135.0, "weighted_bcr_linf_train_var": 12.837354509563808, "weighted_bcr_linf_train_mean": 10.707747702645888, "weighted_bcr_linf_test_mean": 6.653492296983335, "weighted_bcr_linf_sim_mean": 62.692913190218505, "weighted_bcr_linf_sim_var": 130.0, "true_model_train_var": 14.416564485426692, "true_model_train_mean": 11.365396894357536, "true_model_test_mean": 6.697402157757899, "true_model_sim_mean": 99.95974690525117, "true_model_sim_var": 172.5942046454584, "_wandb": {"runtime": 122}}