{"var_RobustEDAC_train_var": -5.1449628576228275, "var_RobustEDAC_train_mean": -5.36548889566393, "var_RobustEDAC_test_mean": -5.263846730031759, "var_RobustEDAC_sim_mean": -60.388, "var_RobustEDAC_sim_var": 0.0, "_timestamp": 1724142266.885779, "_runtime": 50.2938449382782, "_step": 11, "var_EDAC_train_var": -4.727935037421118, "var_EDAC_train_mean": -4.827688060074899, "var_EDAC_test_mean": -5.064822467209401, "var_EDAC_sim_mean": -91.922, "var_EDAC_sim_var": 0.0, "asymptoticvar_train_var": -4.4743057985589765, "asymptoticvar_train_mean": -4.560609966263547, "asymptoticvar_test_mean": -4.886561756191104, "asymptoticvar_sim_mean": -130.916, "asymptoticvar_sim_var": 0.0, "var_train_var": -4.4743057985589765, "var_train_mean": -4.560609966263547, "var_test_mean": -4.886561756191104, "var_sim_mean": -138.08, "var_sim_var": 0.0, "cvar_train_var": -4.4743057985589765, "cvar_train_mean": -4.560609966263547, "cvar_test_mean": -4.886561756191104, "cvar_sim_mean": -120.562, "cvar_sim_var": 0.0, "softrobust_train_var": -4.210119679018224, "softrobust_train_mean": -4.353506676158684, "softrobust_test_mean": -4.862266141536343, "softrobust_sim_mean": -104.864, "softrobust_sim_var": 0.0, "worstrobust_train_var": -4.4743057985589765, "worstrobust_train_mean": -4.560609966263547, "worstrobust_test_mean": -4.886561756191104, "worstrobust_sim_mean": -121.51, "worstrobust_sim_var": 0.0, "naive_bcr_l1_train_var": -5.200000000000004, "naive_bcr_l1_train_mean": -5.200000000000004, "naive_bcr_l1_test_mean": -5.200000000000004, "naive_bcr_l1_sim_mean": -96.256, "naive_bcr_l1_sim_var": -2.0, "weighted_bcr_l1_train_var": -5.200000000000004, "weighted_bcr_l1_train_mean": -5.200000000000004, "weighted_bcr_l1_test_mean": -5.200000000000004, "weighted_bcr_l1_sim_mean": -105.564, "weighted_bcr_l1_sim_var": -2.0, "naive_bcr_linf_train_var": -5.200000000000004, "naive_bcr_linf_train_mean": -5.200000000000004, "naive_bcr_linf_test_mean": -5.200000000000004, "naive_bcr_linf_sim_mean": -106.276, "naive_bcr_linf_sim_var": 0.0, "weighted_bcr_linf_train_var": -5.200000000000004, "weighted_bcr_linf_train_mean": -5.200000000000004, "weighted_bcr_linf_test_mean": -5.200000000000004, "weighted_bcr_linf_sim_mean": -89.508, "weighted_bcr_linf_sim_var": 0.0, "true_model_train_var": -4.210119679018224, "true_model_train_mean": -4.353506676158684, "true_model_test_mean": -4.862266141536343, "true_model_sim_mean": -103.856, "true_model_sim_var": 0.0, "_wandb": {"runtime": 48}}