{"Reward": 9.0, "Average10": 9.4, "Steps": 333, "Policy Loss": 0.0, "Alpha Loss": 2.294430732727051, "Critic Loss": 7.53361701965332, "Actor Batch Entropy": 0.6933358907699585, "Q policy std": 0.09646084904670715, "Q random rnd": 0.09024246037006378, "Alpha": 0.8518917560577393, "Episode": 35, "Buffer size": 1333, "_timestamp": 1718605629.5509892, "_runtime": 28.452837228775024, "_step": 35, "gradients/actor_local.fc3.bias": {"_type": "histogram", "values": [2.0], "bins": [0.0, 0.0]}, "gradients/actor_local.fc3.weight": {"_type": "histogram", "values": [512.0], "bins": [0.0, 0.0]}, "gradients/actor_local.fc2.bias": {"_type": "histogram", "values": [256.0], "bins": [0.0, 0.0]}, "gradients/actor_local.fc2.weight": {"_type": "histogram", "values": [65536.0], "bins": [0.0, 0.0]}, "gradients/actor_local.fc1.bias": {"_type": "histogram", "values": [256.0], "bins": [0.0, 0.0]}, "gradients/actor_local.fc1.weight": {"_type": "histogram", "values": [1024.0], "bins": [0.0, 0.0]}, "gradients/critic.critic.6.bias": {"_type": "histogram", "values": [3.0, 0.0, 1.0, 0.0, 3.0, 1.0, 1.0, 1.0, 0.0, 0.0, 0.0, 0.0, 0.0, 0.0, 0.0, 0.0, 0.0, 0.0, 0.0, 0.0, 0.0, 0.0, 0.0, 0.0, 0.0, 0.0, 0.0, 0.0, 0.0, 0.0, 0.0, 0.0, 0.0, 0.0, 0.0, 0.0, 2.0, 0.0, 0.0, 0.0, 0.0, 0.0, 0.0, 0.0, 0.0, 1.0, 0.0, 0.0, 0.0, 0.0, 0.0, 2.0, 0.0, 0.0, 0.0, 0.0, 0.0, 1.0, 0.0, 0.0, 1.0, 1.0, 1.0, 1.0], "bins": [0.005777174606919289, 0.008845520205795765, 0.011913865804672241, 0.014982212334871292, 0.018050558865070343, 0.021118903532624245, 0.024187250062823296, 0.027255594730377197, 0.030323941260576248, 0.0333922877907753, 0.03646063059568405, 0.0395289808511734, 0.04259732365608215, 0.0456656739115715, 0.048734016716480255, 0.05180235952138901, 0.05487070977687836, 0.05793905258178711, 0.06100740283727646, 0.06407574564218521, 0.06714408844709396, 0.07021243870258331, 0.07328078150749207, 0.07634912431240082, 0.07941747456789017, 0.08248581737279892, 0.08555416762828827, 0.08862251043319702, 0.09169085323810577, 0.09475920349359512, 0.09782754629850388, 0.10089589655399323, 0.10396424680948257, 0.10703258961439133, 0.11010093986988068, 0.11316928267478943, 0.11623763293027878, 0.11930597573518753, 0.12237431854009628, 0.12544266879558563, 0.12851101160049438, 0.13157936930656433, 0.1346476972103119, 0.13771605491638184, 0.1407843977212906, 0.14385274052619934, 0.1469210833311081, 0.14998942613601685, 0.1530577838420868, 0.15612612664699554, 0.1591944694519043, 0.16226281225681305, 0.1653311550617218, 0.16839951276779175, 0.1714678555727005, 0.17453619837760925, 0.177604541182518, 0.18067289888858795, 0.1837412416934967, 0.18680958449840546, 0.1898779273033142, 0.19294627010822296, 0.1960146278142929, 0.19908297061920166, 0.2021513134241104]}, "gradients/critic.critic.6.weight": {"_type": "histogram", "values": [116.0, 1241.0, 662.0, 498.0, 228.0, 132.0, 85.0, 32.0, 12.0, 16.0, 14.0, 28.0, 22.0, 37.0, 31.0, 44.0, 30.0, 59.0, 67.0, 77.0, 75.0, 91.0, 68.0, 83.0, 107.0, 78.0, 84.0, 88.0, 70.0, 71.0, 75.0, 62.0, 70.0, 63.0, 61.0, 58.0, 40.0, 56.0, 54.0, 57.0, 38.0, 45.0, 37.0, 30.0, 20.0, 26.0, 23.0, 15.0, 7.0, 7.0, 6.0, 5.0, 5.0, 4.0, 5.0, 3.0, 1.0, 0.0, 0.0, 0.0, 0.0, 0.0, 0.0, 1.0], "bins": [-0.01001039333641529, -0.003075801767408848, 0.003858789801597595, 0.010793382301926613, 0.01772797293961048, 0.02466256357729435, 0.031597159802913666, 0.038531750440597534, 0.0454663410782814, 0.05240093171596527, 0.05933552235364914, 0.06627011299133301, 0.07320471107959747, 0.08013930171728134, 0.08707389235496521, 0.09400848299264908, 0.10094307363033295, 0.10787766426801682, 0.11481225490570068, 0.12174685299396515, 0.12868143618106842, 0.13561603426933289, 0.14255061745643616, 0.14948521554470062, 0.1564198136329651, 0.16335439682006836, 0.17028899490833282, 0.1772235780954361, 0.18415817618370056, 0.19109275937080383, 0.1980273574590683, 0.20496194064617157, 0.21189653873443604, 0.2188311368227005, 0.22576572000980377, 0.23270031809806824, 0.2396349012851715, 0.24656949937343597, 0.25350409746170044, 0.2604386806488037, 0.267373263835907, 0.27430784702301025, 0.2812424600124359, 0.2881770431995392, 0.29511165618896484, 0.3020462393760681, 0.3089808225631714, 0.31591540575027466, 0.32284998893737793, 0.3297846019268036, 0.33671918511390686, 0.34365376830101013, 0.3505883812904358, 0.35752296447753906, 0.36445754766464233, 0.3713921308517456, 0.37832674384117126, 0.38526132702827454, 0.3921959102153778, 0.39913052320480347, 0.40606510639190674, 0.41299968957901, 0.4199342727661133, 0.42686888575553894, 0.4338034689426422]}, "gradients/critic.critic.4.bias": {"_type": "histogram", "values": [418.0, 0.0, 0.0, 0.0, 0.0, 0.0, 0.0, 1.0, 1.0, 0.0, 1.0, 6.0, 4.0, 2.0, 5.0, 7.0, 6.0, 15.0, 16.0, 36.0, 34.0, 43.0, 59.0, 59.0, 63.0, 70.0, 58.0, 41.0, 34.0, 31.0, 32.0, 67.0, 51.0, 51.0, 55.0, 75.0, 64.0, 86.0, 94.0, 81.0, 85.0, 76.0, 77.0, 92.0, 80.0, 77.0, 99.0, 53.0, 71.0, 50.0, 43.0, 22.0, 29.0, 10.0, 10.0, 8.0, 6.0, 1.0, 1.0, 1.0, 0.0, 2.0, 0.0, 1.0], "bins": [0.0, 8.523835276719183e-05, 0.00017047670553438365, 0.00025571504374966025, 0.0003409534110687673, 0.00042619177838787436, 0.0005114300874993205, 0.0005966684548184276, 0.0006819068221375346, 0.0007671451894566417, 0.0008523835567757487, 0.0009376218658871949, 0.001022860174998641, 0.001108098542317748, 0.0011933369096368551, 0.0012785752769559622, 0.0013638136442750692, 0.0014490520115941763, 0.0015342903789132833, 0.0016195287462323904, 0.0017047671135514975, 0.0017900053644552827, 0.0018752437317743897, 0.0019604822155088186, 0.002045720349997282, 0.002130958717316389, 0.002216197084635496, 0.002301435451954603, 0.0023866738192737103, 0.0024719121865928173, 0.0025571505539119244, 0.0026423889212310314, 0.0027276272885501385, 0.0028128656558692455, 0.0028981040231883526, 0.0029833423905074596, 0.0030685807578265667, 0.0031538191251456738, 0.003239057492464781, 0.003324295859783888, 0.003409534227102995, 0.0034947723615914583, 0.003580010961741209, 0.003665249329060316, 0.0037504874635487795, 0.0038357258308678865, 0.00392096396535635, 0.004006202332675457, 0.004091440699994564, 0.004176679067313671, 0.004261917434632778, 0.004347155801951885, 0.004432394169270992, 0.004517632536590099, 0.004602870903909206, 0.0046881092712283134, 0.0047733476385474205, 0.0048585860058665276, 0.004943824373185635, 0.005029062740504742, 0.005114301107823849, 0.005199539475142956, 0.005284777842462063, 0.00537001620978117, 0.005455254577100277]}, "gradients/critic.critic.4.weight": {"_type": "histogram", "values": [215692.0, 1340.0, 2911.0, 4342.0, 7922.0, 9276.0, 10621.0, 12634.0, 15755.0, 18641.0, 21364.0, 22696.0, 22503.0, 21715.0, 21376.0, 21203.0, 21592.0, 21626.0, 21717.0, 21496.0, 21075.0, 19562.0, 18157.0, 16155.0, 13938.0, 11594.0, 9361.0, 7478.0, 5719.0, 4392.0, 3208.0, 2217.0, 1558.0, 1049.0, 685.0, 514.0, 343.0, 252.0, 187.0, 139.0, 104.0, 101.0, 85.0, 74.0, 67.0, 86.0, 66.0, 87.0, 77.0, 91.0, 80.0, 65.0, 61.0, 66.0, 56.0, 55.0, 36.0, 35.0, 29.0, 16.0, 7.0, 6.0, 3.0, 2.0],