{"var_RobustEDAC_train_var": -5.17214637591708, "var_RobustEDAC_train_mean": -5.422750814072362, "var_RobustEDAC_test_mean": -5.4629737400823695, "var_RobustEDAC_sim_mean": -58.78, "var_RobustEDAC_sim_var": 0.0, "_timestamp": 1724142314.4327328, "_runtime": 39.15710186958313, "_step": 11, "var_EDAC_train_var": -4.817312487334387, "var_EDAC_train_mean": -4.992011665310116, "var_EDAC_test_mean": -5.115654701577278, "var_EDAC_sim_mean": -94.742, "var_EDAC_sim_var": 0.0, "asymptoticvar_train_var": -4.755135733432712, "asymptoticvar_train_mean": -4.816344495177245, "asymptoticvar_test_mean": -4.957722789473205, "asymptoticvar_sim_mean": -90.42, "asymptoticvar_sim_var": 0.0, "var_train_var": -4.776360034255453, "var_train_mean": -4.84195244142304, "var_test_mean": -4.9873267882938315, "var_sim_mean": -105.306, "var_sim_var": 0.0, "cvar_train_var": -4.776360034255453, "cvar_train_mean": -4.84195244142304, "cvar_test_mean": -4.9873267882938315, "cvar_sim_mean": -101.768, "cvar_sim_var": 0.0, "softrobust_train_var": -4.371347332978429, "softrobust_train_mean": -4.566435177044713, "softrobust_test_mean": -4.786585447167274, "softrobust_sim_mean": -82.228, "softrobust_sim_var": 0.0, "worstrobust_train_var": -4.776360034255453, "worstrobust_train_mean": -4.84195244142304, "worstrobust_test_mean": -4.9873267882938315, "worstrobust_sim_mean": -100.862, "worstrobust_sim_var": 0.0, "naive_bcr_l1_train_var": -5.200000000000004, "naive_bcr_l1_train_mean": -5.200000000000004, "naive_bcr_l1_test_mean": -5.200000000000004, "naive_bcr_l1_sim_mean": -113.63, "naive_bcr_l1_sim_var": 0.0, "weighted_bcr_l1_train_var": -5.200000000000004, "weighted_bcr_l1_train_mean": -5.200000000000004, "weighted_bcr_l1_test_mean": -5.200000000000004, "weighted_bcr_l1_sim_mean": -117.392, "weighted_bcr_l1_sim_var": 0.0, "naive_bcr_linf_train_var": -5.200000000000004, "naive_bcr_linf_train_mean": -5.200000000000004, "naive_bcr_linf_test_mean": -5.200000000000004, "naive_bcr_linf_sim_mean": -117.51, "naive_bcr_linf_sim_var": 0.0, "weighted_bcr_linf_train_var": -5.200000000000004, "weighted_bcr_linf_train_mean": -5.200000000000004, "weighted_bcr_linf_test_mean": -5.200000000000004, "weighted_bcr_linf_sim_mean": -113.136, "weighted_bcr_linf_sim_var": 0.0, "true_model_train_var": -4.371347332978429, "true_model_train_mean": -4.566435177044713, "true_model_test_mean": -4.786585447167274, "true_model_sim_mean": -83.082, "true_model_sim_var": 0.0, "_wandb": {"runtime": 36}}