{"var_RobustEDAC_train_var": 7.495000641533027, "var_RobustEDAC_train_mean": 7.36967251751702, "var_RobustEDAC_test_mean": 4.5761050581199125, "var_RobustEDAC_sim_mean": 500.0, "var_RobustEDAC_sim_var": 500.0, "_timestamp": 1724181607.148082, "_runtime": 260.379194021225, "_step": 11, "var_EDAC_train_var": 7.495000641533027, "var_EDAC_train_mean": 7.36967251751702, "var_EDAC_test_mean": 4.5761050581199125, "var_EDAC_sim_mean": 500.0, "var_EDAC_sim_var": 500.0, "asymptoticvar_train_var": 14.786613165165377, "asymptoticvar_train_mean": 12.599716649735944, "asymptoticvar_test_mean": 8.56210762798969, "asymptoticvar_sim_mean": 481.74707250220007, "asymptoticvar_sim_var": 500.0, "var_train_var": 14.786613165165377, "var_train_mean": 12.599716649735944, "var_test_mean": 8.56210762798969, "var_sim_mean": 484.2342898882637, "var_sim_var": 500.0, "cvar_train_var": 14.786613165165377, "cvar_train_mean": 12.599716649735944, "cvar_test_mean": 8.56210762798969, "cvar_sim_mean": 483.0081811952318, "cvar_sim_var": 500.0, "softrobust_train_var": 15.002172680846144, "softrobust_train_mean": 12.69071188882238, "softrobust_test_mean": 8.442282431600326, "softrobust_sim_mean": 455.572992785941, "softrobust_sim_var": 500.0, "worstrobust_train_var": 14.786613165165377, "worstrobust_train_mean": 12.599716649735944, "worstrobust_test_mean": 8.56210762798969, "worstrobust_sim_mean": 478.8811522184592, "worstrobust_sim_var": 500.0, "naive_bcr_l1_train_var": 14.786613165165377, "naive_bcr_l1_train_mean": 12.599716649735944, "naive_bcr_l1_test_mean": 8.56210762798969, "naive_bcr_l1_sim_mean": 480.117260911491, "naive_bcr_l1_sim_var": 500.0, "weighted_bcr_l1_train_var": 14.786613165165377, "weighted_bcr_l1_train_mean": 12.599716649735944, "weighted_bcr_l1_test_mean": 8.56210762798969, "weighted_bcr_l1_sim_mean": 484.23928988826367, "weighted_bcr_l1_sim_var": 500.0, "naive_bcr_linf_train_var": 12.741411340983808, "naive_bcr_linf_train_mean": 10.431239632702072, "naive_bcr_linf_test_mean": 6.903512136357524, "naive_bcr_linf_sim_mean": 206.43336960452282, "naive_bcr_linf_sim_var": 325.0, "weighted_bcr_linf_train_var": 12.741411340983808, "weighted_bcr_linf_train_mean": 10.431239632702072, "weighted_bcr_linf_test_mean": 6.903512136357524, "weighted_bcr_linf_sim_mean": 207.15669568361824, "weighted_bcr_linf_sim_var": 325.0, "true_model_train_var": 15.002172680846144, "true_model_train_mean": 12.69071188882238, "true_model_test_mean": 8.442282431600326, "true_model_sim_mean": 468.8613188650364, "true_model_sim_var": 500.0, "_wandb": {"runtime": 258}}