{"var_RobustEDAC_train_var": 11.031785605195898, "var_RobustEDAC_train_mean": 8.854755672468658, "var_RobustEDAC_test_mean": 3.769960523274842, "var_RobustEDAC_sim_mean": 59.45744246833278, "var_RobustEDAC_sim_var": 86.2971023227292, "_timestamp": 1724144412.5827332, "_runtime": 111.64718008041382, "_step": 11, "var_EDAC_train_var": 10.020446531738104, "var_EDAC_train_mean": 7.739322731857703, "var_EDAC_test_mean": 2.968721712706266, "var_EDAC_sim_mean": 95.69582698312016, "var_EDAC_sim_var": 268.8913069681876, "asymptoticvar_train_var": 14.839777858043314, "asymptoticvar_train_mean": 12.867794819236142, "asymptoticvar_test_mean": 6.552430230473317, "asymptoticvar_sim_mean": 68.95965239926413, "asymptoticvar_sim_var": 130.0, "var_train_var": 14.839777858043314, "var_train_mean": 12.867794819236142, "var_test_mean": 6.552430230473317, "var_sim_mean": 73.51764518520511, "var_sim_var": 130.0, "cvar_train_var": 14.839777858043314, "cvar_train_mean": 12.867794819236142, "cvar_test_mean": 6.552430230473317, "cvar_sim_mean": 66.42350018080494, "cvar_sim_var": 130.0, "softrobust_train_var": 15.201842829094867, "softrobust_train_mean": 13.09423264984936, "softrobust_test_mean": 6.507796509738857, "softrobust_sim_mean": 81.42867428251445, "softrobust_sim_var": 140.0, "worstrobust_train_var": 14.839777858043314, "worstrobust_train_mean": 12.867794819236142, "worstrobust_test_mean": 6.552430230473317, "worstrobust_sim_mean": 66.73404364596401, "worstrobust_sim_var": 130.0, "naive_bcr_l1_train_var": 14.839777858043314, "naive_bcr_l1_train_mean": 12.867794819236142, "naive_bcr_l1_test_mean": 6.552430230473317, "naive_bcr_l1_sim_mean": 62.729753757700294, "naive_bcr_l1_sim_var": 135.0, "weighted_bcr_l1_train_var": 14.839777858043314, "weighted_bcr_l1_train_mean": 12.867794819236142, "weighted_bcr_l1_test_mean": 6.552430230473317, "weighted_bcr_l1_sim_mean": 60.0206522787275, "weighted_bcr_l1_sim_var": 140.0, "naive_bcr_linf_train_var": 12.378937502446835, "naive_bcr_linf_train_mean": 10.039099851997545, "naive_bcr_linf_test_mean": 4.688106461211538, "naive_bcr_linf_sim_mean": 38.6931451249368, "naive_bcr_linf_sim_var": 50.0, "weighted_bcr_linf_train_var": 12.26223453002543, "weighted_bcr_linf_train_mean": 9.83642058464612, "weighted_bcr_linf_test_mean": 4.4653168194989785, "weighted_bcr_linf_sim_mean": 31.901050860023023, "weighted_bcr_linf_sim_var": 50.0, "true_model_train_var": 15.201842829094867, "true_model_train_mean": 13.09423264984936, "true_model_test_mean": 6.507796509738857, "true_model_sim_mean": 95.89901503080118, "true_model_sim_var": 170.0, "_wandb": {"runtime": 110}}