{"var_RobustEDAC_train_var": 2.5000000000000018, "var_RobustEDAC_train_mean": 2.5000000000000018, "var_RobustEDAC_test_mean": 2.5000000000000018, "var_RobustEDAC_sim_mean": 500.0, "var_RobustEDAC_sim_var": 500.0, "_timestamp": 1724180561.4852328, "_runtime": 180.99789786338806, "_step": 11, "var_EDAC_train_var": 2.5000000000000018, "var_EDAC_train_mean": 2.5000000000000018, "var_EDAC_test_mean": 2.5000000000000018, "var_EDAC_sim_mean": 500.0, "var_EDAC_sim_var": 500.0, "asymptoticvar_train_var": 12.332034950604541, "asymptoticvar_train_mean": 9.792945235653582, "asymptoticvar_test_mean": 6.653492296983335, "asymptoticvar_sim_mean": 480.5009638091683, "asymptoticvar_sim_var": 500.0, "var_train_var": 12.332034950604541, "var_train_mean": 9.792945235653582, "var_test_mean": 6.653492296983335, "var_sim_mean": 483.4068840929092, "var_sim_var": 500.0, "cvar_train_var": 12.332034950604541, "cvar_train_mean": 9.792945235653582, "cvar_test_mean": 6.653492296983335, "cvar_sim_mean": 481.3633696045228, "cvar_sim_var": 500.0, "softrobust_train_var": 12.990109136660342, "softrobust_train_mean": 10.111173247497657, "softrobust_test_mean": 6.506400938484775, "softrobust_sim_mean": 462.0594782975546, "softrobust_sim_var": 500.0, "worstrobust_train_var": 12.332034950604541, "worstrobust_train_mean": 9.792945235653582, "worstrobust_test_mean": 6.653492296983335, "worstrobust_sim_mean": 479.29485511613643, "worstrobust_sim_var": 500.0, "naive_bcr_l1_train_var": 12.332034950604541, "naive_bcr_l1_train_mean": 9.792945235653582, "naive_bcr_l1_test_mean": 6.653492296983335, "naive_bcr_l1_sim_mean": 480.9246667068455, "naive_bcr_l1_sim_var": 500.0, "weighted_bcr_l1_train_var": 12.332034950604541, "weighted_bcr_l1_train_mean": 9.792945235653582, "weighted_bcr_l1_test_mean": 6.653492296983335, "weighted_bcr_l1_sim_mean": 484.662992785941, "weighted_bcr_l1_sim_var": 500.0, "naive_bcr_linf_train_var": 12.332034950604541, "naive_bcr_linf_train_mean": 9.792945235653582, "naive_bcr_linf_test_mean": 6.653492296983335, "naive_bcr_linf_sim_mean": 477.60504352542733, "naive_bcr_linf_sim_var": 500.0, "weighted_bcr_linf_train_var": 12.332034950604541, "weighted_bcr_linf_train_mean": 9.792945235653582, "weighted_bcr_linf_test_mean": 6.653492296983335, "weighted_bcr_linf_sim_mean": 477.2113406277501, "weighted_bcr_linf_sim_var": 500.0, "true_model_train_var": 12.990109136660342, "true_model_train_mean": 10.111173247497657, "true_model_test_mean": 6.506400938484775, "true_model_sim_mean": 462.0852101720046, "true_model_sim_var": 500.0, "_wandb": {"runtime": 179}}