{"var_RobustEDAC_train_var": 7.058284656718932, "var_RobustEDAC_train_mean": 6.810893100555303, "var_RobustEDAC_test_mean": 4.432901437273975, "var_RobustEDAC_sim_mean": 500.0, "var_RobustEDAC_sim_var": 500.0, "_timestamp": 1724183210.656894, "_runtime": 250.81869292259216, "_step": 11, "var_EDAC_train_var": 7.058284656718932, "var_EDAC_train_mean": 6.810893100555303, "var_EDAC_test_mean": 4.432901437273975, "var_EDAC_sim_mean": 500.0, "var_EDAC_sim_var": 500.0, "asymptoticvar_train_var": 16.33585166198865, "asymptoticvar_train_mean": 14.290410070405137, "asymptoticvar_test_mean": 8.430446184753908, "asymptoticvar_sim_mean": 483.4168840929092, "asymptoticvar_sim_var": 500.0, "var_train_var": 16.33585166198865, "var_train_mean": 14.290410070405137, "var_test_mean": 8.430446184753908, "var_sim_mean": 476.78263773007285, "var_sim_var": 500.0, "cvar_train_var": 16.33585166198865, "cvar_train_mean": 14.290410070405137, "cvar_test_mean": 8.430446184753908, "cvar_sim_mean": 480.087260911491, "cvar_sim_var": 500.0, "softrobust_train_var": 17.42310090284897, "softrobust_train_mean": 14.885126116614915, "softrobust_test_mean": 8.468938727843076, "softrobust_sim_mean": 460.04947829755463, "softrobust_sim_var": 500.0, "worstrobust_train_var": 16.33585166198865, "worstrobust_train_mean": 14.290410070405137, "worstrobust_test_mean": 8.430446184753908, "worstrobust_sim_mean": 482.58447829755465, "worstrobust_sim_var": 500.0, "naive_bcr_l1_train_var": 16.33585166198865, "naive_bcr_l1_train_mean": 14.290410070405137, "naive_bcr_l1_test_mean": 8.430446184753908, "naive_bcr_l1_sim_mean": 482.16077539987737, "naive_bcr_l1_sim_var": 500.0, "weighted_bcr_l1_train_var": 16.33585166198865, "weighted_bcr_l1_train_mean": 14.290410070405137, "weighted_bcr_l1_test_mean": 8.430446184753908, "weighted_bcr_l1_sim_mean": 480.117260911491, "weighted_bcr_l1_sim_var": 500.0, "naive_bcr_linf_train_var": 12.091262714073338, "naive_bcr_linf_train_mean": 9.842436828523041, "naive_bcr_linf_test_mean": 5.586176324805817, "naive_bcr_linf_sim_mean": 151.1342898882637, "naive_bcr_linf_sim_var": 180.0, "weighted_bcr_linf_train_var": 13.739525218355382, "weighted_bcr_linf_train_mean": 11.415428278352078, "weighted_bcr_linf_test_mean": 6.547508262352356, "weighted_bcr_linf_sim_mean": 225.66707250220009, "weighted_bcr_linf_sim_var": 475.0, "true_model_train_var": 17.42310090284897, "true_model_train_mean": 14.885126116614915, "true_model_test_mean": 8.468938727843076, "true_model_sim_mean": 458.69707250220006, "true_model_sim_var": 500.0, "_wandb": {"runtime": 249}}