{"var_RobustEDAC_train_var": 2.5000000000000018, "var_RobustEDAC_train_mean": 2.5000000000000018, "var_RobustEDAC_test_mean": 2.5000000000000018, "var_RobustEDAC_sim_mean": 500.0, "var_RobustEDAC_sim_var": 500.0, "_timestamp": 1724182953.915854, "_runtime": 241.28830885887146, "_step": 11, "var_EDAC_train_var": 2.5000000000000018, "var_EDAC_train_mean": 2.5000000000000018, "var_EDAC_test_mean": 2.5000000000000018, "var_EDAC_sim_mean": 500.0, "var_EDAC_sim_var": 500.0, "asymptoticvar_train_var": 12.837354509563808, "asymptoticvar_train_mean": 10.37802394564167, "asymptoticvar_test_mean": 6.653492296983335, "asymptoticvar_sim_mean": 482.1507753998773, "asymptoticvar_sim_var": 500.0, "var_train_var": 12.837354509563808, "var_train_mean": 10.37802394564167, "var_test_mean": 6.653492296983335, "var_sim_mean": 481.7770725022001, "var_sim_var": 500.0, "cvar_train_var": 12.837354509563808, "cvar_train_mean": 10.37802394564167, "cvar_test_mean": 6.653492296983335, "cvar_sim_mean": 480.127260911491, "cvar_sim_var": 500.0, "softrobust_train_var": 14.084092015737049, "softrobust_train_mean": 11.08590335869524, "softrobust_test_mean": 6.697402157757899, "softrobust_sim_mean": 457.7748551161365, "softrobust_sim_var": 500.0, "worstrobust_train_var": 12.837354509563808, "worstrobust_train_mean": 10.37802394564167, "worstrobust_test_mean": 6.653492296983335, "worstrobust_sim_mean": 483.8355869905865, "worstrobust_sim_var": 500.0, "naive_bcr_l1_train_var": 12.837354509563808, "naive_bcr_l1_train_mean": 10.37802394564167, "naive_bcr_l1_test_mean": 6.653492296983335, "naive_bcr_l1_sim_mean": 481.75207250220006, "naive_bcr_l1_sim_var": 500.0, "weighted_bcr_l1_train_var": 12.837354509563808, "weighted_bcr_l1_train_mean": 10.37802394564167, "weighted_bcr_l1_test_mean": 6.653492296983335, "weighted_bcr_l1_sim_mean": 484.672992785941, "weighted_bcr_l1_sim_var": 500.0, "naive_bcr_linf_train_var": 12.837354509563808, "naive_bcr_linf_train_mean": 10.37802394564167, "naive_bcr_linf_test_mean": 6.653492296983335, "naive_bcr_linf_sim_mean": 488.8150217627137, "naive_bcr_linf_sim_var": 500.0, "weighted_bcr_linf_train_var": 12.837354509563808, "weighted_bcr_linf_train_mean": 10.37802394564167, "weighted_bcr_linf_test_mean": 6.653492296983335, "weighted_bcr_linf_sim_mean": 478.04874642310466, "weighted_bcr_linf_sim_var": 500.0, "true_model_train_var": 14.084092015737049, "true_model_train_mean": 11.08590335869524, "true_model_test_mean": 6.697402157757899, "true_model_sim_mean": 456.30115221845915, "true_model_sim_var": 500.0, "_wandb": {"runtime": 240}}