{"var_RobustEDAC_train_var": 7.054559106800253, "var_RobustEDAC_train_mean": 4.306799325434388, "var_RobustEDAC_test_mean": 5.191221920212434, "var_RobustEDAC_sim_mean": 68.40639906344204, "var_RobustEDAC_sim_var": 96.2971023227292, "_timestamp": 1724144935.174756, "_runtime": 64.03844404220581, "_step": 11, "var_EDAC_train_var": 6.576033514100175, "var_EDAC_train_mean": 3.843769812351995, "var_EDAC_test_mean": 4.772036610128876, "var_EDAC_sim_mean": 88.8546312392336, "var_EDAC_sim_var": 258.8913069681876, "asymptoticvar_train_var": 2.5000000000000018, "asymptoticvar_train_mean": 2.5000000000000018, "asymptoticvar_test_mean": 2.5000000000000018, "asymptoticvar_sim_mean": 51.3, "asymptoticvar_sim_var": 115.0, "var_train_var": 8.744241177136223, "var_train_mean": 5.886271087922433, "var_test_mean": 6.653492296983335, "var_sim_mean": 63.30697114376392, "var_sim_var": 130.0, "cvar_train_var": 8.744241177136223, "cvar_train_mean": 5.886271087922433, "cvar_test_mean": 6.653492296983335, "cvar_sim_mean": 67.6301741017095, "cvar_sim_var": 140.0, "softrobust_train_var": 8.744241177136223, "softrobust_train_mean": 5.886271087922433, "softrobust_test_mean": 6.653492296983335, "softrobust_sim_mean": 69.20113791087778, "softrobust_sim_var": 125.0, "worstrobust_train_var": 8.744241177136223, "worstrobust_train_mean": 5.886271087922433, "worstrobust_test_mean": 6.653492296983335, "worstrobust_sim_mean": 62.10215955305484, "worstrobust_sim_var": 130.0, "naive_bcr_l1_train_var": 8.744241177136223, "naive_bcr_l1_train_mean": 5.886271087922433, "naive_bcr_l1_test_mean": 6.653492296983335, "naive_bcr_l1_sim_mean": 65.03477552041399, "naive_bcr_l1_sim_var": 130.0, "weighted_bcr_l1_train_var": 8.744241177136223, "weighted_bcr_l1_train_mean": 5.886271087922433, "weighted_bcr_l1_test_mean": 6.653492296983335, "weighted_bcr_l1_sim_mean": 67.09942046454584, "weighted_bcr_l1_sim_var": 130.0, "naive_bcr_linf_train_var": 8.744241177136223, "naive_bcr_linf_train_mean": 5.886271087922433, "naive_bcr_linf_test_mean": 6.653492296983335, "naive_bcr_linf_sim_mean": 62.43159432518209, "naive_bcr_linf_sim_var": 125.0, "weighted_bcr_linf_train_var": 8.744241177136223, "weighted_bcr_linf_train_mean": 5.886271087922433, "weighted_bcr_linf_test_mean": 6.653492296983335, "weighted_bcr_linf_sim_mean": 69.30279006906865, "weighted_bcr_linf_sim_var": 145.0, "true_model_train_var": 8.852651230064941, "true_model_train_mean": 5.878157164645867, "true_model_test_mean": 6.682416512886925, "true_model_sim_mean": 90.46522508226916, "true_model_sim_var": 165.0, "_wandb": {"runtime": 62}}