{"var_RobustEDAC_train_var": 2.5000000000000018, "var_RobustEDAC_train_mean": 2.5000000000000018, "var_RobustEDAC_test_mean": 2.5000000000000018, "var_RobustEDAC_sim_mean": 500.0, "var_RobustEDAC_sim_var": 500.0, "_timestamp": 1724179001.914006, "_runtime": 150.6621971130371, "_step": 11, "var_EDAC_train_var": 2.5000000000000018, "var_EDAC_train_mean": 2.5000000000000018, "var_EDAC_test_mean": 2.5000000000000018, "var_EDAC_sim_mean": 500.0, "var_EDAC_sim_var": 500.0, "asymptoticvar_train_var": 10.805319532442308, "asymptoticvar_train_mean": 7.687475777513221, "asymptoticvar_test_mean": 6.653492296983335, "asymptoticvar_sim_mean": 480.5009638091683, "asymptoticvar_sim_var": 500.0, "var_train_var": 10.805319532442308, "var_train_mean": 7.687475777513221, "var_test_mean": 6.653492296983335, "var_sim_mean": 480.5209638091683, "var_sim_var": 500.0, "cvar_train_var": 10.805319532442308, "cvar_train_mean": 7.687475777513221, "cvar_test_mean": 6.653492296983335, "cvar_sim_mean": 480.52096380916834, "cvar_sim_var": 500.0, "softrobust_train_var": 11.251229280814544, "softrobust_train_mean": 7.904048328790968, "softrobust_test_mean": 6.514220025890505, "softrobust_sim_mean": 459.6407753998773, "softrobust_sim_var": 500.0, "worstrobust_train_var": 10.805319532442308, "worstrobust_train_mean": 7.687475777513221, "worstrobust_test_mean": 6.653492296983335, "worstrobust_sim_mean": 480.102260911491, "worstrobust_sim_var": 500.0, "naive_bcr_l1_train_var": 10.805319532442308, "naive_bcr_l1_train_mean": 7.687475777513221, "naive_bcr_l1_test_mean": 6.653492296983335, "naive_bcr_l1_sim_mean": 483.0081811952319, "naive_bcr_l1_sim_var": 500.0, "weighted_bcr_l1_train_var": 10.805319532442308, "weighted_bcr_l1_train_mean": 7.687475777513221, "weighted_bcr_l1_test_mean": 6.653492296983335, "weighted_bcr_l1_sim_mean": 482.17577539987735, "weighted_bcr_l1_sim_var": 500.0, "naive_bcr_linf_train_var": 10.805319532442308, "naive_bcr_linf_train_mean": 7.687475777513221, "naive_bcr_linf_test_mean": 6.653492296983335, "naive_bcr_linf_sim_mean": 482.5894782975546, "naive_bcr_linf_sim_var": 500.0, "weighted_bcr_linf_train_var": 10.805319532442308, "weighted_bcr_linf_train_mean": 7.687475777513221, "weighted_bcr_linf_test_mean": 6.653492296983335, "weighted_bcr_linf_sim_mean": 485.07669568361825, "weighted_bcr_linf_sim_var": 500.0, "true_model_train_var": 11.251229280814544, "true_model_train_mean": 7.904048328790968, "true_model_test_mean": 6.514220025890505, "true_model_sim_mean": 453.6785580138137, "true_model_sim_var": 500.0, "_wandb": {"runtime": 149}}