{"var_RobustEDAC_train_var": 9.21094595374164, "var_RobustEDAC_train_mean": 6.632301435118418, "var_RobustEDAC_test_mean": 3.0807538250128035, "var_RobustEDAC_sim_mean": 61.98003667297824, "var_RobustEDAC_sim_var": 80.0, "_timestamp": 1724145576.2180312, "_runtime": 65.04581308364868, "_step": 11, "var_EDAC_train_var": 8.902330888375156, "var_EDAC_train_mean": 6.277681358423959, "var_EDAC_test_mean": 2.6942130636970423, "var_EDAC_sim_mean": 75.78079776527419, "var_EDAC_sim_var": 182.5942046454584, "asymptoticvar_train_var": 10.805319532442308, "asymptoticvar_train_mean": 8.09568516160845, "asymptoticvar_test_mean": 4.532427558068235, "asymptoticvar_sim_mean": 64.97994216699121, "asymptoticvar_sim_var": 135.0, "var_train_var": 10.805319532442308, "var_train_mean": 8.09568516160845, "var_test_mean": 4.532427558068235, "var_sim_mean": 60.875318985573045, "var_sim_var": 120.0, "cvar_train_var": 10.805319532442308, "cvar_train_mean": 8.09568516160845, "cvar_test_mean": 4.532427558068235, "cvar_sim_mean": 67.4870146691913, "cvar_sim_var": 140.0, "softrobust_train_var": 11.42626391542017, "softrobust_train_mean": 8.516276610756119, "softrobust_test_mean": 4.490266738973357, "softrobust_sim_mean": 93.43321786821014, "softrobust_sim_var": 165.0, "worstrobust_train_var": 10.805319532442308, "worstrobust_train_mean": 8.09568516160845, "worstrobust_test_mean": 4.532427558068235, "worstrobust_sim_mean": 69.56852194351863, "worstrobust_sim_var": 141.2971023227292, "naive_bcr_l1_train_var": 10.805319532442308, "naive_bcr_l1_train_mean": 8.09568516160845, "naive_bcr_l1_test_mean": 4.532427558068235, "naive_bcr_l1_sim_mean": 66.83293495293219, "naive_bcr_l1_sim_var": 135.0, "weighted_bcr_l1_train_var": 10.805319532442308, "weighted_bcr_l1_train_mean": 8.09568516160845, "weighted_bcr_l1_test_mean": 4.532427558068235, "weighted_bcr_l1_sim_mean": 62.30329000880034, "weighted_bcr_l1_sim_var": 120.0, "naive_bcr_linf_train_var": 10.805319532442308, "naive_bcr_linf_train_mean": 8.09568516160845, "naive_bcr_linf_test_mean": 4.532427558068235, "naive_bcr_linf_sim_mean": 62.53531898557304, "naive_bcr_linf_sim_var": 130.0, "weighted_bcr_linf_train_var": 10.805319532442308, "weighted_bcr_linf_train_mean": 8.09568516160845, "weighted_bcr_linf_test_mean": 4.532427558068235, "weighted_bcr_linf_sim_mean": 65.71274654364127, "weighted_bcr_linf_sim_var": 125.0, "true_model_train_var": 11.42626391542017, "true_model_train_mean": 8.516276610756119, "true_model_test_mean": 4.490266738973357, "true_model_sim_mean": 87.65595695671914, "true_model_sim_var": 150.0, "_wandb": {"runtime": 63}}