{"var_RobustEDAC_train_var": 7.2096924687354225, "var_RobustEDAC_train_mean": 7.023882585454572, "var_RobustEDAC_test_mean": 4.143404150454194, "var_RobustEDAC_sim_mean": 500.0, "var_RobustEDAC_sim_var": 500.0, "_timestamp": 1724177434.742045, "_runtime": 213.50383186340332, "_step": 11, "var_EDAC_train_var": 7.2096924687354225, "var_EDAC_train_mean": 7.023882585454572, "var_EDAC_test_mean": 4.143404150454194, "var_EDAC_sim_mean": 500.0, "var_EDAC_sim_var": 500.0, "asymptoticvar_train_var": 18.364610801720794, "asymptoticvar_train_mean": 15.83386807798945, "asymptoticvar_test_mean": 11.78165176896132, "asymptoticvar_sim_mean": 485.4903985812955, "asymptoticvar_sim_var": 500.0, "var_train_var": 18.364610801720794, "var_train_mean": 15.83386807798945, "var_test_mean": 11.78165176896132, "var_sim_mean": 479.68855801381375, "var_sim_var": 500.0, "cvar_train_var": 18.364610801720794, "cvar_train_mean": 15.83386807798945, "cvar_test_mean": 11.78165176896132, "cvar_sim_mean": 479.69355801381374, "cvar_sim_var": 500.0, "softrobust_train_var": 18.95321094292606, "softrobust_train_mean": 16.23190292390196, "softrobust_test_mean": 11.97481049738583, "softrobust_sim_mean": 458.50669568361826, "softrobust_sim_var": 500.0, "worstrobust_train_var": 18.364610801720794, "worstrobust_train_mean": 15.83386807798945, "worstrobust_test_mean": 11.78165176896132, "worstrobust_sim_mean": 476.79763773007284, "worstrobust_sim_var": 500.0, "naive_bcr_l1_train_var": 18.364610801720794, "naive_bcr_l1_train_mean": 15.83386807798945, "naive_bcr_l1_test_mean": 11.78165176896132, "naive_bcr_l1_sim_mean": 485.90910147897284, "naive_bcr_l1_sim_var": 500.0, "weighted_bcr_l1_train_var": 18.364610801720794, "weighted_bcr_l1_train_mean": 15.83386807798945, "weighted_bcr_l1_test_mean": 11.78165176896132, "weighted_bcr_l1_sim_mean": 478.04874642310466, "weighted_bcr_l1_sim_var": 500.0, "naive_bcr_linf_train_var": 15.098742140360159, "naive_bcr_linf_train_mean": 12.406696275218726, "naive_bcr_linf_test_mean": 9.455363593902762, "naive_bcr_linf_sim_mean": 154.84744932078192, "naive_bcr_linf_sim_var": 190.0, "weighted_bcr_linf_train_var": 16.94266724265991, "weighted_bcr_linf_train_mean": 14.46266152697286, "weighted_bcr_linf_test_mean": 10.626548708986064, "weighted_bcr_linf_sim_mean": 200.53577539987734, "weighted_bcr_linf_sim_var": 230.0, "true_model_train_var": 18.95321094292606, "true_model_train_mean": 16.23190292390196, "true_model_test_mean": 11.97481049738583, "true_model_sim_mean": 460.7092898882637, "true_model_sim_var": 500.0, "_wandb": {"runtime": 212}}