{"var_RobustEDAC_train_var": 10.50993542486004, "var_RobustEDAC_train_mean": 7.758557376671815, "var_RobustEDAC_test_mean": 2.9810126030762074, "var_RobustEDAC_sim_mean": 71.80642082615572, "var_RobustEDAC_sim_var": 105.0, "_timestamp": 1724143656.137544, "_runtime": 66.47065901756287, "_step": 11, "var_EDAC_train_var": 10.262680080835324, "var_EDAC_train_mean": 7.434911194858024, "var_EDAC_test_mean": 2.6167411320734, "var_EDAC_sim_mean": 82.26029782554251, "var_EDAC_sim_var": 182.5942046454584, "asymptoticvar_train_var": 11.873301976480953, "asymptoticvar_train_mean": 9.267915048724507, "asymptoticvar_test_mean": 4.42556669809288, "asymptoticvar_sim_mean": 65.32163785060946, "asymptoticvar_sim_var": 135.0, "var_train_var": 11.873301976480953, "var_train_mean": 9.267915048724507, "var_test_mean": 4.42556669809288, "var_sim_mean": 58.46531898557304, "var_sim_var": 115.0, "cvar_train_var": 11.873301976480953, "cvar_train_mean": 9.267915048724507, "cvar_test_mean": 4.42556669809288, "cvar_sim_mean": 62.845507394863965, "cvar_sim_var": 125.0, "softrobust_train_var": 12.857372497791467, "softrobust_train_mean": 9.73077166490757, "softrobust_test_mean": 4.377095154104243, "softrobust_sim_mean": 97.85476866796485, "softrobust_sim_var": 172.5942046454584, "worstrobust_train_var": 11.873301976480953, "worstrobust_train_mean": 9.267915048724507, "worstrobust_test_mean": 4.42556669809288, "worstrobust_sim_mean": 57.49081892530473, "worstrobust_sim_var": 120.0, "naive_bcr_l1_train_var": 11.873301976480953, "naive_bcr_l1_train_mean": 9.267915048724507, "naive_bcr_l1_test_mean": 4.42556669809288, "naive_bcr_l1_sim_mean": 65.53052915757765, "naive_bcr_l1_sim_var": 131.2971023227292, "weighted_bcr_l1_train_var": 11.873301976480953, "weighted_bcr_l1_train_mean": 9.267915048724507, "weighted_bcr_l1_test_mean": 4.42556669809288, "weighted_bcr_l1_sim_mean": 63.606449441318546, "weighted_bcr_l1_sim_var": 115.0, "naive_bcr_linf_train_var": 11.873301976480953, "naive_bcr_linf_train_mean": 9.267915048724507, "naive_bcr_linf_test_mean": 4.42556669809288, "naive_bcr_linf_sim_mean": 69.94852194351863, "naive_bcr_linf_sim_var": 145.0, "weighted_bcr_linf_train_var": 11.873301976480953, "weighted_bcr_linf_train_mean": 9.267915048724507, "weighted_bcr_linf_test_mean": 4.42556669809288, "weighted_bcr_linf_sim_mean": 61.908645064668484, "weighted_bcr_linf_sim_var": 120.0, "true_model_train_var": 12.857372497791467, "true_model_train_mean": 9.73077166490757, "true_model_test_mean": 4.377095154104243, "true_model_sim_mean": 82.82775399877355, "true_model_sim_var": 140.0, "_wandb": {"runtime": 65}}