{"var_RobustEDAC_train_var": 2.5000000000000018, "var_RobustEDAC_train_mean": 2.5000000000000018, "var_RobustEDAC_test_mean": 2.5000000000000018, "var_RobustEDAC_sim_mean": 500.0, "var_RobustEDAC_sim_var": 500.0, "_timestamp": 1724178465.184708, "_runtime": 145.27624320983887, "_step": 11, "var_EDAC_train_var": 2.5000000000000018, "var_EDAC_train_mean": 2.5000000000000018, "var_EDAC_test_mean": 2.5000000000000018, "var_EDAC_sim_mean": 500.0, "var_EDAC_sim_var": 500.0, "asymptoticvar_train_var": 12.332034950604541, "asymptoticvar_train_mean": 9.53805561013094, "asymptoticvar_test_mean": 4.42556669809288, "asymptoticvar_sim_mean": 482.9781811952319, "asymptoticvar_sim_var": 500.0, "var_train_var": 12.332034950604541, "var_train_mean": 9.53805561013094, "var_test_mean": 4.42556669809288, "var_sim_mean": 480.9396667068455, "var_sim_var": 500.0, "cvar_train_var": 12.332034950604541, "cvar_train_mean": 9.53805561013094, "cvar_test_mean": 4.42556669809288, "cvar_sim_mean": 482.58447829755465, "cvar_sim_var": 500.0, "softrobust_train_var": 12.990109136660342, "softrobust_train_mean": 9.91970895231622, "softrobust_test_mean": 4.377095154104243, "softrobust_sim_mean": 456.3746667068456, "softrobust_sim_var": 500.0, "worstrobust_train_var": 12.332034950604541, "worstrobust_train_mean": 9.53805561013094, "worstrobust_test_mean": 4.42556669809288, "worstrobust_sim_mean": 481.37336960452285, "worstrobust_sim_var": 500.0, "naive_bcr_l1_train_var": 12.332034950604541, "naive_bcr_l1_train_mean": 9.53805561013094, "naive_bcr_l1_test_mean": 4.42556669809288, "naive_bcr_l1_sim_mean": 479.2748551161365, "naive_bcr_l1_sim_var": 500.0, "weighted_bcr_l1_train_var": 12.332034950604541, "weighted_bcr_l1_train_mean": 9.53805561013094, "weighted_bcr_l1_test_mean": 4.42556669809288, "weighted_bcr_l1_sim_mean": 485.8891014789728, "weighted_bcr_l1_sim_var": 500.0, "naive_bcr_linf_train_var": 12.332034950604541, "naive_bcr_linf_train_mean": 9.53805561013094, "naive_bcr_linf_test_mean": 4.42556669809288, "naive_bcr_linf_sim_mean": 485.09669568361824, "naive_bcr_linf_sim_var": 500.0, "weighted_bcr_linf_train_var": 12.332034950604541, "weighted_bcr_linf_train_mean": 9.53805561013094, "weighted_bcr_linf_test_mean": 4.42556669809288, "weighted_bcr_linf_sim_mean": 483.8405869905864, "weighted_bcr_linf_sim_var": 500.0, "true_model_train_var": 12.990109136660342, "true_model_train_mean": 9.91970895231622, "true_model_test_mean": 4.377095154104243, "true_model_sim_mean": 452.85966670684553, "true_model_sim_var": 500.0, "_wandb": {"runtime": 144}}