{"var_RobustEDAC_train_var": -5.217189194120311, "var_RobustEDAC_train_mean": -5.399810234911667, "var_RobustEDAC_test_mean": -5.409710669816188, "var_RobustEDAC_sim_mean": -57.936, "var_RobustEDAC_sim_var": 0.0, "_timestamp": 1724141986.44649, "_runtime": 29.574923992156982, "_step": 11, "var_EDAC_train_var": -4.80346732361106, "var_EDAC_train_mean": -4.930187249383722, "var_EDAC_test_mean": -5.144246141547722, "var_EDAC_sim_mean": -84.964, "var_EDAC_sim_var": 0.0, "asymptoticvar_train_var": -4.4325333931121955, "asymptoticvar_train_mean": -4.511666592113866, "asymptoticvar_test_mean": -4.869458572559595, "asymptoticvar_sim_mean": -80.088, "asymptoticvar_sim_var": 0.0, "var_train_var": -4.4325333931121955, "var_train_mean": -4.511666592113866, "var_test_mean": -4.869458572559595, "var_sim_mean": -85.75, "var_sim_var": 0.0, "cvar_train_var": -4.512902231822561, "cvar_train_mean": -4.581909999421403, "cvar_test_mean": -4.913757831083778, "cvar_sim_mean": -103.948, "cvar_sim_var": 0.0, "softrobust_train_var": -4.152966919680092, "softrobust_train_mean": -4.366546502616376, "softrobust_test_mean": -4.869458572559595, "softrobust_sim_mean": -90.806, "softrobust_sim_var": 0.0, "worstrobust_train_var": -4.512902231822561, "worstrobust_train_mean": -4.581909999421403, "worstrobust_test_mean": -4.913757831083778, "worstrobust_sim_mean": -93.896, "worstrobust_sim_var": 0.0, "naive_bcr_l1_train_var": -5.200000000000004, "naive_bcr_l1_train_mean": -5.200000000000004, "naive_bcr_l1_test_mean": -5.200000000000004, "naive_bcr_l1_sim_mean": -116.698, "naive_bcr_l1_sim_var": 0.0, "weighted_bcr_l1_train_var": -5.200000000000004, "weighted_bcr_l1_train_mean": -5.200000000000004, "weighted_bcr_l1_test_mean": -5.200000000000004, "weighted_bcr_l1_sim_mean": -117.55, "weighted_bcr_l1_sim_var": 0.0, "naive_bcr_linf_train_var": -5.200000000000004, "naive_bcr_linf_train_mean": -5.200000000000004, "naive_bcr_linf_test_mean": -5.200000000000004, "naive_bcr_linf_sim_mean": -111.36, "naive_bcr_linf_sim_var": 0.0, "weighted_bcr_linf_train_var": -5.200000000000004, "weighted_bcr_linf_train_mean": -5.200000000000004, "weighted_bcr_linf_test_mean": -5.200000000000004, "weighted_bcr_linf_sim_mean": -112.526, "weighted_bcr_linf_sim_var": 0.0, "true_model_train_var": -4.152966919680092, "true_model_train_mean": -4.366546502616376, "true_model_test_mean": -4.869458572559595, "true_model_sim_mean": -89.07, "true_model_sim_var": 0.0, "_wandb": {"runtime": 28}}