{"asymptoticvar_train_var": -4.406493669405411, "asymptoticvar_train_mean": -4.5195091106739165, "asymptoticvar_test_mean": -4.929518889752021, "asymptoticvar_sim_mean": -101.886, "asymptoticvar_sim_var": 0.0, "_timestamp": 1723733022.533983, "_runtime": 17.225646018981934, "_step": 9, "var_train_var": -4.325501190906314, "var_train_mean": -4.430379689666427, "var_test_mean": -4.9444810387338745, "var_sim_mean": -89.47, "var_sim_var": 0.0, "cvar_train_var": -4.325501190906314, "cvar_train_mean": -4.430379689666427, "cvar_test_mean": -4.9444810387338745, "cvar_sim_mean": -90.588, "cvar_sim_var": 0.0, "softrobust_train_var": -4.183167977634036, "softrobust_train_mean": -4.3191958388733545, "softrobust_test_mean": -4.920152299540689, "softrobust_sim_mean": -67.578, "softrobust_sim_var": 0.0, "worstrobust_train_var": -4.325501190906314, "worstrobust_train_mean": -4.430379689666427, "worstrobust_test_mean": -4.9444810387338745, "worstrobust_sim_mean": -91.782, "worstrobust_sim_var": 0.0, "naive_bcr_l1_train_var": -5.200000000000004, "naive_bcr_l1_train_mean": -5.200000000000004, "naive_bcr_l1_test_mean": -5.200000000000004, "naive_bcr_l1_sim_mean": -120.266, "naive_bcr_l1_sim_var": 0.0, "weighted_bcr_l1_train_var": -5.200000000000004, "weighted_bcr_l1_train_mean": -5.200000000000004, "weighted_bcr_l1_test_mean": -5.200000000000004, "weighted_bcr_l1_sim_mean": -110.132, "weighted_bcr_l1_sim_var": 0.0, "naive_bcr_linf_train_var": -5.200000000000004, "naive_bcr_linf_train_mean": -5.200000000000004, "naive_bcr_linf_test_mean": -5.200000000000004, "naive_bcr_linf_sim_mean": -110.596, "naive_bcr_linf_sim_var": 0.0, "weighted_bcr_linf_train_var": -5.200000000000004, "weighted_bcr_linf_train_mean": -5.200000000000004, "weighted_bcr_linf_test_mean": -5.200000000000004, "weighted_bcr_linf_sim_mean": -113.822, "weighted_bcr_linf_sim_var": 0.0, "true_model_train_var": -4.183167977634036, "true_model_train_mean": -4.3191958388733545, "true_model_test_mean": -4.920152299540689, "true_model_sim_mean": -73.482, "true_model_sim_var": 0.0, "_wandb": {"runtime": 16}}