{"var_RobustEDAC_train_var": -5.681938644468659, "var_RobustEDAC_train_mean": -5.931177462729608, "var_RobustEDAC_test_mean": -5.526450483767212, "var_RobustEDAC_sim_mean": -60.586, "var_RobustEDAC_sim_var": 0.0, "_timestamp": 1724142203.0143611, "_runtime": 52.52380108833313, "_step": 11, "var_EDAC_train_var": -5.216035042105235, "var_EDAC_train_mean": -5.3175905219996205, "var_EDAC_test_mean": -5.293115098629199, "var_EDAC_sim_mean": -91.77, "var_EDAC_sim_var": 0.0, "asymptoticvar_train_var": -4.741284493431708, "asymptoticvar_train_mean": -4.812620228466996, "asymptoticvar_test_mean": -5.043266854734491, "asymptoticvar_sim_mean": -103.982, "asymptoticvar_sim_var": 0.0, "var_train_var": -4.741284493431708, "var_train_mean": -4.812620228466996, "var_test_mean": -5.043266854734491, "var_sim_mean": -112.366, "var_sim_var": 0.0, "cvar_train_var": -4.741284493431708, "cvar_train_mean": -4.812620228466996, "cvar_test_mean": -5.043266854734491, "cvar_sim_mean": -96.652, "cvar_sim_var": 0.0, "softrobust_train_var": -4.67384449799022, "softrobust_train_mean": -4.77612957182149, "softrobust_test_mean": -5.017868716638518, "softrobust_sim_mean": -94.262, "softrobust_sim_var": 0.0, "worstrobust_train_var": -4.741284493431708, "worstrobust_train_mean": -4.812620228466996, "worstrobust_test_mean": -5.043266854734491, "worstrobust_sim_mean": -99.088, "worstrobust_sim_var": 0.0, "naive_bcr_l1_train_var": -5.200000000000004, "naive_bcr_l1_train_mean": -5.200000000000004, "naive_bcr_l1_test_mean": -5.200000000000004, "naive_bcr_l1_sim_mean": -132.276, "naive_bcr_l1_sim_var": 0.0, "weighted_bcr_l1_train_var": -5.200000000000004, "weighted_bcr_l1_train_mean": -5.200000000000004, "weighted_bcr_l1_test_mean": -5.200000000000004, "weighted_bcr_l1_sim_mean": -135.786, "weighted_bcr_l1_sim_var": 0.0, "naive_bcr_linf_train_var": -5.200000000000004, "naive_bcr_linf_train_mean": -5.200000000000004, "naive_bcr_linf_test_mean": -5.200000000000004, "naive_bcr_linf_sim_mean": -137.196, "naive_bcr_linf_sim_var": 0.0, "weighted_bcr_linf_train_var": -5.200000000000004, "weighted_bcr_linf_train_mean": -5.200000000000004, "weighted_bcr_linf_test_mean": -5.200000000000004, "weighted_bcr_linf_sim_mean": -121.892, "weighted_bcr_linf_sim_var": 0.0, "true_model_train_var": -5.432917973916238, "true_model_train_mean": -5.8211826726408535, "true_model_test_mean": -5.597826486353964, "true_model_sim_mean": -89.544, "true_model_sim_var": 0.0, "_wandb": {"runtime": 51}}