{"var_RobustEDAC_train_var": 7.568780458226106, "var_RobustEDAC_train_mean": 7.324203184657003, "var_RobustEDAC_test_mean": 4.711292354498899, "var_RobustEDAC_sim_mean": 500.0, "var_RobustEDAC_sim_var": 500.0, "_timestamp": 1724178059.001211, "_runtime": 229.93082284927368, "_step": 11, "var_EDAC_train_var": 7.568780458226106, "var_EDAC_train_mean": 7.324203184657003, "var_EDAC_test_mean": 4.711292354498899, "var_EDAC_sim_mean": 500.0, "var_EDAC_sim_var": 500.0, "asymptoticvar_train_var": 14.883831005435585, "asymptoticvar_train_mean": 12.597658995453333, "asymptoticvar_test_mean": 6.658564915341737, "asymptoticvar_sim_mean": 480.9296667068455, "asymptoticvar_sim_var": 500.0, "var_train_var": 14.883831005435585, "var_train_mean": 12.597658995453333, "var_test_mean": 6.658564915341737, "var_sim_mean": 484.65299278594097, "var_sim_var": 500.0, "cvar_train_var": 14.883831005435585, "cvar_train_mean": 12.597658995453333, "cvar_test_mean": 6.658564915341737, "cvar_sim_mean": 477.6150435254273, "cvar_sim_var": 500.0, "softrobust_train_var": 14.883831005435585, "softrobust_train_mean": 12.597658995453333, "softrobust_test_mean": 6.658564915341737, "softrobust_sim_mean": 482.58447829755465, "softrobust_sim_var": 500.0, "worstrobust_train_var": 14.883831005435585, "worstrobust_train_mean": 12.597658995453333, "worstrobust_test_mean": 6.658564915341737, "worstrobust_sim_mean": 485.07669568361825, "worstrobust_sim_var": 500.0, "naive_bcr_l1_train_var": 14.883831005435585, "naive_bcr_l1_train_mean": 12.597658995453333, "naive_bcr_l1_test_mean": 6.658564915341737, "naive_bcr_l1_sim_mean": 481.3433696045228, "naive_bcr_l1_sim_var": 500.0, "weighted_bcr_l1_train_var": 14.883831005435585, "weighted_bcr_l1_train_mean": 12.597658995453333, "weighted_bcr_l1_test_mean": 6.658564915341737, "weighted_bcr_l1_sim_mean": 484.657992785941, "weighted_bcr_l1_sim_var": 500.0, "naive_bcr_linf_train_var": 14.361562759818812, "naive_bcr_linf_train_mean": 12.012721423068758, "naive_bcr_linf_test_mean": 6.198951699144593, "naive_bcr_linf_sim_mean": 424.5983696045228, "naive_bcr_linf_sim_var": 500.0, "weighted_bcr_linf_train_var": 14.361562759818812, "weighted_bcr_linf_train_mean": 12.012721423068758, "weighted_bcr_linf_test_mean": 6.198951699144593, "weighted_bcr_linf_sim_mean": 429.567992785941, "weighted_bcr_linf_sim_var": 500.0, "true_model_train_var": 14.883831005435585, "true_model_train_mean": 12.597658995453333, "true_model_test_mean": 6.658564915341737, "true_model_sim_mean": 483.4168840929092, "true_model_sim_var": 500.0, "_wandb": {"runtime": 228}}