{"var_RobustEDAC_train_var": 2.5000000000000018, "var_RobustEDAC_train_mean": 2.5000000000000018, "var_RobustEDAC_test_mean": 2.5000000000000018, "var_RobustEDAC_sim_mean": 500.0, "var_RobustEDAC_sim_var": 500.0, "_timestamp": 1724182135.313526, "_runtime": 236.45103788375854, "_step": 11, "var_EDAC_train_var": 2.5000000000000018, "var_EDAC_train_mean": 2.5000000000000018, "var_EDAC_test_mean": 2.5000000000000018, "var_EDAC_sim_mean": 500.0, "var_EDAC_sim_var": 500.0, "asymptoticvar_train_var": 10.805319532442308, "asymptoticvar_train_mean": 8.1378838222157, "asymptoticvar_test_mean": 4.532427558068235, "asymptoticvar_sim_mean": 480.097260911491, "asymptoticvar_sim_var": 500.0, "var_train_var": 10.805319532442308, "var_train_mean": 8.1378838222157, "var_test_mean": 4.532427558068235, "var_sim_mean": 478.8761522184592, "var_sim_var": 500.0, "cvar_train_var": 10.805319532442308, "cvar_train_mean": 8.1378838222157, "cvar_test_mean": 4.532427558068235, "cvar_sim_mean": 483.84558699058647, "cvar_sim_var": 500.0, "softrobust_train_var": 11.596026419623948, "softrobust_train_mean": 8.581244893008122, "softrobust_test_mean": 4.490266738973357, "softrobust_sim_mean": 451.6813406277501, "softrobust_sim_var": 500.0, "worstrobust_train_var": 10.805319532442308, "worstrobust_train_mean": 8.1378838222157, "worstrobust_test_mean": 4.532427558068235, "worstrobust_sim_mean": 486.3028043766501, "worstrobust_sim_var": 500.0, "naive_bcr_l1_train_var": 10.805319532442308, "naive_bcr_l1_train_mean": 8.1378838222157, "naive_bcr_l1_test_mean": 4.532427558068235, "naive_bcr_l1_sim_mean": 481.3433696045228, "naive_bcr_l1_sim_var": 500.0, "weighted_bcr_l1_train_var": 10.805319532442308, "weighted_bcr_l1_train_mean": 8.1378838222157, "weighted_bcr_l1_test_mean": 4.532427558068235, "weighted_bcr_l1_sim_mean": 482.60947829755463, "weighted_bcr_l1_sim_var": 500.0, "naive_bcr_linf_train_var": 10.805319532442308, "naive_bcr_linf_train_mean": 8.1378838222157, "naive_bcr_linf_test_mean": 4.532427558068235, "naive_bcr_linf_sim_mean": 482.17077539987736, "naive_bcr_linf_sim_var": 500.0, "weighted_bcr_linf_train_var": 10.805319532442308, "weighted_bcr_linf_train_mean": 8.1378838222157, "weighted_bcr_linf_test_mean": 4.532427558068235, "weighted_bcr_linf_sim_mean": 484.25928988826365, "weighted_bcr_linf_sim_var": 500.0, "true_model_train_var": 11.596026419623948, "true_model_train_mean": 8.581244893008122, "true_model_test_mean": 4.490266738973357, "true_model_sim_mean": 465.01891306968184, "true_model_sim_var": 500.0, "_wandb": {"runtime": 235}}