{"asymptoticvar_train_percentile": -4.778764256391522, "asymptoticvar_train_mean": -4.679143377541079, "asymptoticvar_test_mean": -4.927024131607143, "asymptoticvar_sim_mean": -111.806, "asymptoticvar_sim_std": 0.0, "_timestamp": 1723731189.455483, "_runtime": 19.810878038406372, "_step": 9, "var_train_percentile": -4.778764256391522, "var_train_mean": -4.679143377541079, "var_test_mean": -4.927024131607143, "var_sim_mean": -107.548, "var_sim_std": 0.0, "cvar_train_percentile": -4.778764256391522, "cvar_train_mean": -4.679143377541079, "cvar_test_mean": -4.927024131607143, "cvar_sim_mean": -111.474, "cvar_sim_std": 0.0, "softrobust_train_percentile": -4.615980219367226, "softrobust_train_mean": -4.3185181627888305, "softrobust_test_mean": -4.737885312615113, "softrobust_sim_mean": -70.07, "softrobust_sim_std": 0.0, "worstrobust_train_percentile": -4.778764256391522, "worstrobust_train_mean": -4.679143377541079, "worstrobust_test_mean": -4.927024131607143, "worstrobust_sim_mean": -111.642, "worstrobust_sim_std": 0.0, "naive_bcr_l1_train_percentile": -5.028748488512701, "naive_bcr_l1_train_mean": -4.965272347368738, "naive_bcr_l1_test_mean": -5.069637883008357, "naive_bcr_l1_sim_mean": -118.738, "naive_bcr_l1_sim_std": 0.0, "weighted_bcr_l1_train_percentile": -5.028748488512701, "weighted_bcr_l1_train_mean": -4.965272347368738, "weighted_bcr_l1_test_mean": -5.069637883008357, "weighted_bcr_l1_sim_mean": -118.608, "weighted_bcr_l1_sim_std": 0.0, "naive_bcr_linf_train_percentile": -5.200000000000004, "naive_bcr_linf_train_mean": -5.200000000000004, "naive_bcr_linf_test_mean": -5.200000000000004, "naive_bcr_linf_sim_mean": -112.668, "naive_bcr_linf_sim_std": 0.0, "weighted_bcr_linf_train_percentile": -5.200000000000004, "weighted_bcr_linf_train_mean": -5.200000000000004, "weighted_bcr_linf_test_mean": -5.200000000000004, "weighted_bcr_linf_sim_mean": -113.406, "weighted_bcr_linf_sim_std": 0.0, "true_model_train_percentile": -4.615980219367226, "true_model_train_mean": -4.3185181627888305, "true_model_test_mean": -4.737885312615113, "true_model_sim_mean": -74.366, "true_model_sim_std": 0.0, "_wandb": {"runtime": 19}}