{"asymptoticvar_train_percentile": -4.8094798573717465, "asymptoticvar_train_mean": -4.6855777650547745, "asymptoticvar_test_mean": -4.961313665826207, "_timestamp": 1723721526.22317, "_runtime": 4.8356640338897705, "_step": 0, "_wandb": {"runtime": 4}}