{"var_RobustEDAC_train_var": -5.123279091302862, "var_RobustEDAC_train_mean": -5.3102453917556, "var_RobustEDAC_test_mean": -5.39441109877838, "var_RobustEDAC_sim_mean": -58.014, "var_RobustEDAC_sim_var": 0.0, "_timestamp": 1724142108.73746, "_runtime": 56.90377879142761, "_step": 11, "var_EDAC_train_var": -4.7153482551104355, "var_EDAC_train_mean": -4.824780588961836, "var_EDAC_test_mean": -5.123561635984337, "var_EDAC_sim_mean": -84.96, "var_EDAC_sim_var": 0.0, "asymptoticvar_train_var": -4.306738986714586, "asymptoticvar_train_mean": -4.3969571149308955, "asymptoticvar_test_mean": -4.869458572559595, "asymptoticvar_sim_mean": -90.368, "asymptoticvar_sim_var": 0.0, "var_train_var": -4.306738986714586, "var_train_mean": -4.3969571149308955, "var_test_mean": -4.869458572559595, "var_sim_mean": -96.194, "var_sim_var": 0.0, "cvar_train_var": -4.306738986714586, "cvar_train_mean": -4.3969571149308955, "cvar_test_mean": -4.869458572559595, "cvar_sim_mean": -102.19, "cvar_sim_var": 0.0, "softrobust_train_var": -4.12605079049597, "softrobust_train_mean": -4.280572581456182, "softrobust_test_mean": -4.869458572559595, "softrobust_sim_mean": -104.388, "softrobust_sim_var": 0.0, "worstrobust_train_var": -4.384818241086268, "worstrobust_train_mean": -4.471229104666312, "worstrobust_test_mean": -4.913757831083778, "worstrobust_sim_mean": -120.232, "worstrobust_sim_var": 0.0, "naive_bcr_l1_train_var": -5.200000000000004, "naive_bcr_l1_train_mean": -5.200000000000004, "naive_bcr_l1_test_mean": -5.200000000000004, "naive_bcr_l1_sim_mean": -100.25, "naive_bcr_l1_sim_var": 0.0, "weighted_bcr_l1_train_var": -5.200000000000004, "weighted_bcr_l1_train_mean": -5.200000000000004, "weighted_bcr_l1_test_mean": -5.200000000000004, "weighted_bcr_l1_sim_mean": -99.004, "weighted_bcr_l1_sim_var": 0.0, "naive_bcr_linf_train_var": -5.200000000000004, "naive_bcr_linf_train_mean": -5.200000000000004, "naive_bcr_linf_test_mean": -5.200000000000004, "naive_bcr_linf_sim_mean": -91.184, "naive_bcr_linf_sim_var": -2.0, "weighted_bcr_linf_train_var": -5.200000000000004, "weighted_bcr_linf_train_mean": -5.200000000000004, "weighted_bcr_linf_test_mean": -5.200000000000004, "weighted_bcr_linf_sim_mean": -92.984, "weighted_bcr_linf_sim_var": -2.0, "true_model_train_var": -4.12605079049597, "true_model_train_mean": -4.280572581456182, "true_model_test_mean": -4.869458572559595, "true_model_sim_mean": -99.586, "true_model_sim_var": 0.0, "_wandb": {"runtime": 55}}