{"var_RobustEDAC_train_var": -4.982225432697924, "var_RobustEDAC_train_mean": -5.215889283033351, "var_RobustEDAC_test_mean": -5.330053852341917, "var_RobustEDAC_sim_mean": -62.03, "var_RobustEDAC_sim_var": 0.0, "_timestamp": 1724142806.465806, "_runtime": 31.516123056411743, "_step": 11, "var_EDAC_train_var": -4.910910482584466, "var_EDAC_train_mean": -5.054346282816666, "var_EDAC_test_mean": -5.28850083034617, "var_EDAC_sim_mean": -52.836, "var_EDAC_sim_var": 0.0, "asymptoticvar_train_var": -4.579068319529006, "asymptoticvar_train_mean": -4.667649794216226, "asymptoticvar_test_mean": -5.066825775656326, "asymptoticvar_sim_mean": -93.16, "asymptoticvar_sim_var": 0.0, "var_train_var": -4.579068319529006, "var_train_mean": -4.667649794216226, "var_test_mean": -5.066825775656326, "var_sim_mean": -100.526, "var_sim_var": 0.0, "cvar_train_var": -4.579068319529006, "cvar_train_mean": -4.667649794216226, "cvar_test_mean": -5.066825775656326, "cvar_sim_mean": -90.894, "cvar_sim_var": 0.0, "softrobust_train_var": -4.1872423213603085, "softrobust_train_mean": -4.414628095364948, "softrobust_test_mean": -4.88372592442046, "softrobust_sim_mean": -69.414, "softrobust_sim_var": 0.0, "worstrobust_train_var": -4.579068319529006, "worstrobust_train_mean": -4.667649794216226, "worstrobust_test_mean": -5.066825775656326, "worstrobust_sim_mean": -90.138, "worstrobust_sim_var": 0.0, "naive_bcr_l1_train_var": -5.200000000000004, "naive_bcr_l1_train_mean": -5.200000000000004, "naive_bcr_l1_test_mean": -5.200000000000004, "naive_bcr_l1_sim_mean": -124.724, "naive_bcr_l1_sim_var": 0.0, "weighted_bcr_l1_train_var": -5.200000000000004, "weighted_bcr_l1_train_mean": -5.200000000000004, "weighted_bcr_l1_test_mean": -5.200000000000004, "weighted_bcr_l1_sim_mean": -117.234, "weighted_bcr_l1_sim_var": 0.0, "naive_bcr_linf_train_var": -5.200000000000004, "naive_bcr_linf_train_mean": -5.200000000000004, "naive_bcr_linf_test_mean": -5.200000000000004, "naive_bcr_linf_sim_mean": -121.338, "naive_bcr_linf_sim_var": 0.0, "weighted_bcr_linf_train_var": -5.200000000000004, "weighted_bcr_linf_train_mean": -5.200000000000004, "weighted_bcr_linf_test_mean": -5.200000000000004, "weighted_bcr_linf_sim_mean": -115.736, "weighted_bcr_linf_sim_var": 0.0, "true_model_train_var": -4.749671095065233, "true_model_train_mean": -5.033420952773733, "true_model_test_mean": -5.988301796641446, "true_model_sim_mean": -38.682, "true_model_sim_var": 0.0, "_wandb": {"runtime": 30}}