{"var_RobustEDAC_train_var": 2.5000000000000018, "var_RobustEDAC_train_mean": 2.5000000000000018, "var_RobustEDAC_test_mean": 2.5000000000000018, "var_RobustEDAC_sim_mean": 500.0, "var_RobustEDAC_sim_var": 500.0, "_timestamp": 1724181123.5631769, "_runtime": 241.34721183776855, "_step": 11, "var_EDAC_train_var": 2.5000000000000018, "var_EDAC_train_mean": 2.5000000000000018, "var_EDAC_test_mean": 2.5000000000000018, "var_EDAC_sim_mean": 500.0, "var_EDAC_sim_var": 500.0, "asymptoticvar_train_var": 8.744241177136223, "asymptoticvar_train_mean": 6.646822808055649, "asymptoticvar_test_mean": 6.653492296983335, "asymptoticvar_sim_mean": 483.8455869905864, "asymptoticvar_sim_var": 500.0, "var_train_var": 8.744241177136223, "var_train_mean": 6.646822808055649, "var_test_mean": 6.653492296983335, "var_sim_mean": 478.8761522184592, "var_sim_var": 500.0, "cvar_train_var": 8.744241177136223, "cvar_train_mean": 6.646822808055649, "cvar_test_mean": 6.653492296983335, "cvar_sim_mean": 482.18077539987735, "cvar_sim_var": 500.0, "softrobust_train_var": 9.060677012870519, "softrobust_train_mean": 6.694684546209821, "softrobust_test_mean": 6.682416512886925, "softrobust_sim_mean": 455.2420725022001, "softrobust_sim_var": 500.0, "worstrobust_train_var": 8.744241177136223, "worstrobust_train_mean": 6.646822808055649, "worstrobust_test_mean": 6.653492296983335, "worstrobust_sim_mean": 484.24928988826366, "worstrobust_sim_var": 500.0, "naive_bcr_l1_train_var": 8.744241177136223, "naive_bcr_l1_train_mean": 6.646822808055649, "naive_bcr_l1_test_mean": 6.653492296983335, "naive_bcr_l1_sim_mean": 480.127260911491, "naive_bcr_l1_sim_var": 500.0, "weighted_bcr_l1_train_var": 8.744241177136223, "weighted_bcr_l1_train_mean": 6.646822808055649, "weighted_bcr_l1_test_mean": 6.653492296983335, "weighted_bcr_l1_sim_mean": 480.107260911491, "weighted_bcr_l1_sim_var": 500.0, "naive_bcr_linf_train_var": 8.744241177136223, "naive_bcr_linf_train_mean": 6.646822808055649, "naive_bcr_linf_test_mean": 6.653492296983335, "naive_bcr_linf_sim_mean": 479.6885580138137, "naive_bcr_linf_sim_var": 500.0, "weighted_bcr_linf_train_var": 8.744241177136223, "weighted_bcr_linf_train_mean": 6.646822808055649, "weighted_bcr_linf_test_mean": 6.653492296983335, "weighted_bcr_linf_sim_mean": 487.13021017200464, "weighted_bcr_linf_sim_var": 500.0, "true_model_train_var": 9.060677012870519, "true_model_train_mean": 6.694684546209821, "true_model_test_mean": 6.682416512886925, "true_model_sim_mean": 466.7605869905865, "true_model_sim_var": 500.0, "_wandb": {"runtime": 240}}