{"asymptoticvar_train_percentile": -4.809573796815468, "asymptoticvar_test_percentile": -4.961313665826207, "_timestamp": 1723694092.223534, "_runtime": 20.316330194473267, "_step": 9, "var_train_percentile": -4.809573796815468, "var_test_percentile": -4.961313665826207, "cvar_train_percentile": -4.809573796815468, "cvar_test_percentile": -4.961313665826207, "softrobust_train_percentile": -4.888718830113257, "softrobust_test_percentile": -4.745910491185054, "worstrobust_train_percentile": -4.809573796815468, "worstrobust_test_percentile": -4.961313665826207, "naive_bcr_l1_train_percentile": -5.200000000000004, "naive_bcr_l1_test_percentile": -5.200000000000004, "weighted_bcr_l1_train_percentile": -5.200000000000004, "weighted_bcr_l1_test_percentile": -5.200000000000004, "naive_bcr_linf_train_percentile": -5.200000000000004, "naive_bcr_linf_test_percentile": -5.200000000000004, "weighted_bcr_linf_train_percentile": -5.200000000000004, "weighted_bcr_linf_test_percentile": -5.200000000000004, "true_model_train_percentile": -4.888718830113257, "true_model_test_percentile": -4.745910491185054, "_wandb": {"runtime": 19}}