{"var_RobustEDAC_train_var": -5.044372859200039, "var_RobustEDAC_train_mean": -5.241502604731498, "var_RobustEDAC_test_mean": -5.489759313148867, "var_RobustEDAC_sim_mean": -61.432, "var_RobustEDAC_sim_var": 0.0, "_timestamp": 1724141489.4148889, "_runtime": 49.63577389717102, "_step": 11, "var_EDAC_train_var": -4.634072726889927, "var_EDAC_train_mean": -4.713261511736268, "var_EDAC_test_mean": -4.992355526465583, "var_EDAC_sim_mean": -94.172, "var_EDAC_sim_var": 0.0, "asymptoticvar_train_var": -4.3287882572921506, "asymptoticvar_train_mean": -4.430797592562567, "asymptoticvar_test_mean": -4.810090189191048, "asymptoticvar_sim_mean": -129.92, "asymptoticvar_sim_var": 0.0, "var_train_var": -4.3287882572921506, "var_train_mean": -4.430797592562567, "var_test_mean": -4.810090189191048, "var_sim_mean": -128.81, "var_sim_var": 0.0, "cvar_train_var": -4.3287882572921506, "cvar_train_mean": -4.430797592562567, "cvar_test_mean": -4.810090189191048, "cvar_sim_mean": -128.03, "cvar_sim_var": 0.0, "softrobust_train_var": -4.084362753569678, "softrobust_train_mean": -4.1961131365708315, "softrobust_test_mean": -4.711433691317118, "softrobust_sim_mean": -78.052, "softrobust_sim_var": 0.0, "worstrobust_train_var": -4.3287882572921506, "worstrobust_train_mean": -4.430797592562567, "worstrobust_test_mean": -4.810090189191048, "worstrobust_sim_mean": -124.742, "worstrobust_sim_var": 0.0, "naive_bcr_l1_train_var": -4.928028609745198, "naive_bcr_l1_train_mean": -4.965272347368738, "naive_bcr_l1_test_mean": -5.069637883008357, "naive_bcr_l1_sim_mean": -100.424, "naive_bcr_l1_sim_var": 0.0, "weighted_bcr_l1_train_var": -4.928028609745198, "weighted_bcr_l1_train_mean": -4.965272347368738, "weighted_bcr_l1_test_mean": -5.069637883008357, "weighted_bcr_l1_sim_mean": -98.904, "weighted_bcr_l1_sim_var": 0.0, "naive_bcr_linf_train_var": -5.200000000000004, "naive_bcr_linf_train_mean": -5.200000000000004, "naive_bcr_linf_test_mean": -5.200000000000004, "naive_bcr_linf_sim_mean": -105.16, "naive_bcr_linf_sim_var": 0.0, "weighted_bcr_linf_train_var": -5.200000000000004, "weighted_bcr_linf_train_mean": -5.200000000000004, "weighted_bcr_linf_test_mean": -5.200000000000004, "weighted_bcr_linf_sim_mean": -96.798, "weighted_bcr_linf_sim_var": 0.0, "true_model_train_var": -4.084362753569678, "true_model_train_mean": -4.1961131365708315, "true_model_test_mean": -4.711433691317118, "true_model_sim_mean": -69.632, "true_model_sim_var": 0.0, "_wandb": {"runtime": 48}}