{"var_RobustEDAC_train_var": 10.677281300515588, "var_RobustEDAC_train_mean": 8.232749410670024, "var_RobustEDAC_test_mean": 3.791327249503848, "var_RobustEDAC_sim_mean": 66.93342804021474, "var_RobustEDAC_sim_var": 86.2971023227292, "_timestamp": 1724143452.102782, "_runtime": 112.22329711914062, "_step": 11, "var_EDAC_train_var": 9.665691356363727, "var_EDAC_train_mean": 7.153906474500257, "var_EDAC_test_mean": 3.034649671678755, "var_EDAC_sim_mean": 91.55170374143367, "var_EDAC_sim_var": 263.8913069681876, "asymptoticvar_train_var": 14.869301191972392, "asymptoticvar_train_mean": 12.525101537644291, "asymptoticvar_test_mean": 6.658564915341737, "asymptoticvar_sim_mean": 62.061992906477606, "asymptoticvar_sim_var": 120.0, "var_train_var": 14.869301191972392, "var_train_mean": 12.525101537644291, "var_test_mean": 6.658564915341737, "var_sim_mean": 68.92647120403224, "var_sim_var": 130.0, "cvar_train_var": 14.869301191972392, "cvar_train_mean": 12.525101537644291, "cvar_test_mean": 6.658564915341737, "cvar_sim_mean": 67.44644944131855, "cvar_sim_var": 140.0, "softrobust_train_var": 14.869301191972392, "softrobust_train_mean": 12.525101537644291, "softrobust_test_mean": 6.658564915341737, "softrobust_sim_mean": 67.3560943854504, "softrobust_sim_var": 130.0, "worstrobust_train_var": 14.869301191972392, "worstrobust_train_mean": 12.525101537644291, "worstrobust_test_mean": 6.658564915341737, "worstrobust_sim_mean": 63.55368859009586, "worstrobust_sim_var": 120.0, "naive_bcr_l1_train_var": 14.869301191972392, "naive_bcr_l1_train_mean": 12.525101537644291, "naive_bcr_l1_test_mean": 6.658564915341737, "naive_bcr_l1_sim_mean": 61.560340748286734, "naive_bcr_l1_sim_var": 125.0, "weighted_bcr_l1_train_var": 14.869301191972392, "weighted_bcr_l1_train_mean": 12.525101537644291, "weighted_bcr_l1_test_mean": 6.658564915341737, "weighted_bcr_l1_sim_mean": 63.83680449718669, "weighted_bcr_l1_sim_var": 125.0, "naive_bcr_linf_train_var": 14.525445815828117, "naive_bcr_linf_train_mean": 12.252325345807709, "naive_bcr_linf_test_mean": 6.3243827722227035, "naive_bcr_linf_sim_mean": 57.97199290647761, "naive_bcr_linf_sim_var": 120.0, "weighted_bcr_linf_train_var": 14.525445815828117, "weighted_bcr_linf_train_mean": 12.252325345807709, "weighted_bcr_linf_test_mean": 6.3243827722227035, "weighted_bcr_linf_sim_mean": 55.390130576282125, "weighted_bcr_linf_sim_var": 110.0, "true_model_train_var": 14.869301191972392, "true_model_train_mean": 12.525101537644291, "true_model_test_mean": 6.658564915341737, "true_model_sim_mean": 70.48984080855504, "true_model_sim_var": 135.0, "_wandb": {"runtime": 110}}