{"var_RobustEDAC_train_var": 7.452561366370187, "var_RobustEDAC_train_mean": 5.864246923855822, "var_RobustEDAC_test_mean": 5.081098360065764, "var_RobustEDAC_sim_mean": 62.979493207819175, "var_RobustEDAC_sim_var": 95.0, "_timestamp": 1724143972.249107, "_runtime": 66.4853208065033, "_step": 11, "var_EDAC_train_var": 7.099241314599055, "var_EDAC_train_mean": 5.423952023476181, "var_EDAC_test_mean": 4.6249572887399655, "var_EDAC_sim_mean": 97.23396465292468, "var_EDAC_sim_var": 263.8913069681876, "asymptoticvar_train_var": 8.744241177136223, "asymptoticvar_train_mean": 7.3983313972734335, "asymptoticvar_test_mean": 6.653492296983335, "asymptoticvar_sim_mean": 63.26939870183215, "asymptoticvar_sim_var": 130.0, "var_train_var": 8.744241177136223, "var_train_mean": 7.3983313972734335, "var_test_mean": 6.653492296983335, "var_sim_mean": 67.19057268300503, "var_sim_var": 121.2971023227292, "cvar_train_var": 8.744241177136223, "cvar_train_mean": 7.3983313972734335, "cvar_test_mean": 6.653492296983335, "cvar_sim_mean": 61.65215955305484, "cvar_sim_var": 125.0, "softrobust_train_var": 9.478412016226125, "softrobust_train_mean": 7.618776788311053, "softrobust_test_mean": 6.514220025890505, "softrobust_sim_mean": 93.65786281234199, "softrobust_sim_var": 172.5942046454584, "worstrobust_train_var": 8.744241177136223, "worstrobust_train_mean": 7.3983313972734335, "worstrobust_test_mean": 6.653492296983335, "worstrobust_sim_mean": 71.66373211552323, "worstrobust_sim_var": 135.0, "naive_bcr_l1_train_var": 8.744241177136223, "naive_bcr_l1_train_mean": 7.3983313972734335, "naive_bcr_l1_test_mean": 6.653492296983335, "naive_bcr_l1_sim_mean": 67.33460887383676, "naive_bcr_l1_sim_var": 140.0, "weighted_bcr_l1_train_var": 8.744241177136223, "weighted_bcr_l1_train_mean": 7.3983313972734335, "weighted_bcr_l1_test_mean": 6.653492296983335, "weighted_bcr_l1_sim_mean": 66.27810159950943, "weighted_bcr_l1_sim_var": 140.0, "naive_bcr_linf_train_var": 8.744241177136223, "naive_bcr_linf_train_mean": 7.3983313972734335, "naive_bcr_linf_test_mean": 6.653492296983335, "naive_bcr_linf_sim_mean": 68.59389876210047, "naive_bcr_linf_sim_var": 125.0, "weighted_bcr_linf_train_var": 8.744241177136223, "weighted_bcr_linf_train_mean": 7.3983313972734335, "weighted_bcr_linf_test_mean": 6.653492296983335, "weighted_bcr_linf_sim_mean": 65.77718131576853, "weighted_bcr_linf_sim_var": 130.0, "true_model_train_var": 9.478412016226125, "true_model_train_mean": 7.618776788311053, "true_model_test_mean": 6.514220025890505, "true_model_sim_mean": 99.41068895170574, "true_model_sim_var": 170.0, "_wandb": {"runtime": 65}}