{"var_RobustEDAC_train_var": 2.5000000000000018, "var_RobustEDAC_train_mean": 2.5000000000000018, "var_RobustEDAC_test_mean": 2.5000000000000018, "var_RobustEDAC_sim_mean": 500.0, "var_RobustEDAC_sim_var": 500.0, "_timestamp": 1724182703.1488042, "_runtime": 292.38538122177124, "_step": 11, "var_EDAC_train_var": 2.5000000000000018, "var_EDAC_train_mean": 2.5000000000000018, "var_EDAC_test_mean": 2.5000000000000018, "var_EDAC_sim_mean": 500.0, "var_EDAC_sim_var": 500.0, "asymptoticvar_train_var": 10.805319532442308, "asymptoticvar_train_mean": 8.373979729576364, "asymptoticvar_test_mean": 4.532427558068235, "asymptoticvar_sim_mean": 480.5359638091683, "asymptoticvar_sim_var": 500.0, "var_train_var": 10.805319532442308, "var_train_mean": 8.373979729576364, "var_test_mean": 4.532427558068235, "var_sim_mean": 485.08169568361825, "var_sim_var": 500.0, "cvar_train_var": 10.805319532442308, "cvar_train_mean": 8.373979729576364, "cvar_test_mean": 4.532427558068235, "cvar_sim_mean": 482.58447829755465, "cvar_sim_var": 500.0, "softrobust_train_var": 11.596026419623948, "softrobust_train_mean": 8.80915023283375, "softrobust_test_mean": 4.490266738973357, "softrobust_sim_mean": 456.3539348323955, "softrobust_sim_var": 500.0, "worstrobust_train_var": 10.805319532442308, "worstrobust_train_mean": 8.373979729576364, "worstrobust_test_mean": 4.532427558068235, "worstrobust_sim_mean": 483.8405869905864, "worstrobust_sim_var": 500.0, "naive_bcr_l1_train_var": 10.805319532442308, "naive_bcr_l1_train_mean": 8.373979729576364, "naive_bcr_l1_test_mean": 4.532427558068235, "naive_bcr_l1_sim_mean": 484.64799278594097, "naive_bcr_l1_sim_var": 500.0, "weighted_bcr_l1_train_var": 10.805319532442308, "weighted_bcr_l1_train_mean": 8.373979729576364, "weighted_bcr_l1_test_mean": 4.532427558068235, "weighted_bcr_l1_sim_mean": 480.102260911491, "weighted_bcr_l1_sim_var": 500.0, "naive_bcr_linf_train_var": 10.805319532442308, "naive_bcr_linf_train_mean": 8.373979729576364, "naive_bcr_linf_test_mean": 4.532427558068235, "naive_bcr_linf_sim_mean": 484.2492898882637, "naive_bcr_linf_sim_var": 500.0, "weighted_bcr_linf_train_var": 10.805319532442308, "weighted_bcr_linf_train_mean": 8.373979729576364, "weighted_bcr_linf_test_mean": 4.532427558068235, "weighted_bcr_linf_sim_mean": 485.4903985812955, "weighted_bcr_linf_sim_var": 500.0, "true_model_train_var": 11.596026419623948, "true_model_train_mean": 8.80915023283375, "true_model_test_mean": 4.490266738973357, "true_model_sim_mean": 457.20928988826375, "true_model_sim_var": 500.0, "_wandb": {"runtime": 291}}