{"var_RobustEDAC_train_var": 12.197448638269359, "var_RobustEDAC_train_mean": 9.437917536559725, "var_RobustEDAC_test_mean": 3.655043229707353, "var_RobustEDAC_sim_mean": 75.15905855622856, "var_RobustEDAC_sim_var": 106.2971023227292, "_timestamp": 1724143773.332376, "_runtime": 111.17965197563171, "_step": 11, "var_EDAC_train_var": 11.56912889659942, "var_EDAC_train_mean": 8.6385668682164, "var_EDAC_test_mean": 3.0179728574339757, "var_EDAC_sim_mean": 93.20837766233825, "var_EDAC_sim_var": 263.8913069681876, "asymptoticvar_train_var": 15.354813057083874, "asymptoticvar_train_mean": 13.087821926795797, "asymptoticvar_test_mean": 6.33799985257001, "asymptoticvar_sim_mean": 65.32163785060946, "asymptoticvar_sim_var": 135.0, "var_train_var": 15.354813057083874, "var_train_mean": 13.087821926795797, "var_test_mean": 6.33799985257001, "var_sim_mean": 58.46531898557304, "var_sim_var": 115.0, "cvar_train_var": 15.354813057083874, "cvar_train_mean": 13.087821926795797, "cvar_test_mean": 6.33799985257001, "cvar_sim_mean": 62.845507394863965, "cvar_sim_var": 125.0, "softrobust_train_var": 16.23555801674613, "softrobust_train_mean": 13.494945953637295, "softrobust_test_mean": 6.2870687716182765, "softrobust_sim_mean": 97.85476866796485, "softrobust_sim_var": 172.5942046454584, "worstrobust_train_var": 15.354813057083874, "worstrobust_train_mean": 13.087821926795797, "worstrobust_test_mean": 6.33799985257001, "worstrobust_sim_mean": 57.49081892530473, "worstrobust_sim_var": 120.0, "naive_bcr_l1_train_var": 15.354813057083874, "naive_bcr_l1_train_mean": 13.087821926795797, "naive_bcr_l1_test_mean": 6.33799985257001, "naive_bcr_l1_sim_mean": 65.53052915757765, "naive_bcr_l1_sim_var": 131.2971023227292, "weighted_bcr_l1_train_var": 15.354813057083874, "weighted_bcr_l1_train_mean": 13.087821926795797, "weighted_bcr_l1_test_mean": 6.33799985257001, "weighted_bcr_l1_sim_mean": 63.606449441318546, "weighted_bcr_l1_sim_var": 115.0, "naive_bcr_linf_train_var": 12.919366064951893, "naive_bcr_linf_train_mean": 10.763527122530638, "naive_bcr_linf_test_mean": 4.809609775604996, "naive_bcr_linf_sim_mean": 40.80852194351863, "naive_bcr_linf_sim_var": 60.0, "weighted_bcr_linf_train_var": 12.919366064951893, "weighted_bcr_linf_train_mean": 10.763527122530638, "weighted_bcr_linf_test_mean": 4.809609775604996, "weighted_bcr_linf_sim_mean": 34.353645064668484, "weighted_bcr_linf_sim_var": 55.0, "true_model_train_var": 16.23555801674613, "true_model_train_mean": 13.494945953637295, "true_model_test_mean": 6.2870687716182765, "true_model_sim_mean": 82.82775399877355, "true_model_sim_var": 140.0, "_wandb": {"runtime": 109}}