{"var_RobustEDAC_train_var": 9.265067287334155, "var_RobustEDAC_train_mean": 7.10530448504828, "var_RobustEDAC_test_mean": 3.077051197610072, "var_RobustEDAC_sim_mean": 59.47039172884639, "var_RobustEDAC_sim_var": 86.2971023227292, "_timestamp": 1724144295.7709088, "_runtime": 69.75658392906189, "_step": 11, "var_EDAC_train_var": 8.854203918775882, "var_EDAC_train_mean": 6.660320129772008, "var_EDAC_test_mean": 2.6434970296759364, "var_EDAC_sim_mean": 86.18590657884263, "var_EDAC_sim_var": 258.8913069681876, "asymptoticvar_train_var": 10.805319532442308, "asymptoticvar_train_mean": 8.688208705983062, "asymptoticvar_test_mean": 4.532427558068235, "asymptoticvar_sim_mean": 68.95965239926413, "asymptoticvar_sim_var": 130.0, "var_train_var": 10.805319532442308, "var_train_mean": 8.688208705983062, "var_test_mean": 4.532427558068235, "var_sim_mean": 73.51764518520511, "var_sim_var": 130.0, "cvar_train_var": 10.805319532442308, "cvar_train_mean": 8.688208705983062, "cvar_test_mean": 4.532427558068235, "cvar_sim_mean": 66.42350018080494, "cvar_sim_var": 130.0, "softrobust_train_var": 11.320060381192793, "softrobust_train_mean": 8.955893917673517, "softrobust_test_mean": 4.490266738973357, "softrobust_sim_mean": 81.42867428251445, "softrobust_sim_var": 140.0, "worstrobust_train_var": 10.805319532442308, "worstrobust_train_mean": 8.688208705983062, "worstrobust_test_mean": 4.532427558068235, "worstrobust_sim_mean": 66.73404364596401, "worstrobust_sim_var": 130.0, "naive_bcr_l1_train_var": 10.805319532442308, "naive_bcr_l1_train_mean": 8.688208705983062, "naive_bcr_l1_test_mean": 4.532427558068235, "naive_bcr_l1_sim_mean": 62.729753757700294, "naive_bcr_l1_sim_var": 135.0, "weighted_bcr_l1_train_var": 10.805319532442308, "weighted_bcr_l1_train_mean": 8.688208705983062, "weighted_bcr_l1_test_mean": 4.532427558068235, "weighted_bcr_l1_sim_mean": 60.0206522787275, "weighted_bcr_l1_sim_var": 140.0, "naive_bcr_linf_train_var": 10.805319532442308, "naive_bcr_linf_train_mean": 8.688208705983062, "naive_bcr_linf_test_mean": 4.532427558068235, "naive_bcr_linf_sim_mean": 69.56814512493679, "naive_bcr_linf_sim_var": 130.0, "weighted_bcr_linf_train_var": 10.805319532442308, "weighted_bcr_linf_train_mean": 8.688208705983062, "weighted_bcr_linf_test_mean": 4.532427558068235, "weighted_bcr_linf_sim_mean": 64.46605086002302, "weighted_bcr_linf_sim_var": 130.0, "true_model_train_var": 11.320060381192793, "true_model_train_mean": 8.955893917673517, "true_model_test_mean": 4.490266738973357, "true_model_sim_mean": 95.89901503080118, "true_model_sim_var": 170.0, "_wandb": {"runtime": 68}}