{"var_RobustEDAC_train_var": -5.619550100035226, "var_RobustEDAC_train_mean": -5.868889041297205, "var_RobustEDAC_test_mean": -5.703793774637374, "var_RobustEDAC_sim_mean": -58.974, "var_RobustEDAC_sim_var": 0.0, "_timestamp": 1724142378.893198, "_runtime": 57.86151599884033, "_step": 11, "var_EDAC_train_var": -5.198037067381852, "var_EDAC_train_mean": -5.3441297975897815, "var_EDAC_test_mean": -5.320763502387408, "var_EDAC_sim_mean": -94.542, "var_EDAC_sim_var": 0.0, "asymptoticvar_train_var": -4.917496477404225, "asymptoticvar_train_mean": -4.980246496566705, "asymptoticvar_test_mean": -5.0575827373014945, "asymptoticvar_sim_mean": -91.178, "asymptoticvar_sim_var": 0.0, "var_train_var": -5.062877871825881, "var_train_mean": -5.092134841242629, "var_test_mean": -5.137931034482762, "var_sim_mean": -110.67, "var_sim_var": 0.0, "cvar_train_var": -5.062877871825881, "cvar_train_mean": -5.092134841242629, "cvar_test_mean": -5.137931034482762, "cvar_sim_mean": -106.44, "cvar_sim_var": 0.0, "softrobust_train_var": -4.7701031746778195, "softrobust_train_mean": -4.859141454564508, "softrobust_test_mean": -4.990273360519279, "softrobust_sim_mean": -87.028, "softrobust_sim_var": 0.0, "worstrobust_train_var": -5.062877871825881, "worstrobust_train_mean": -5.092134841242629, "worstrobust_test_mean": -5.137931034482762, "worstrobust_sim_mean": -107.254, "worstrobust_sim_var": 0.0, "naive_bcr_l1_train_var": -5.200000000000004, "naive_bcr_l1_train_mean": -5.200000000000004, "naive_bcr_l1_test_mean": -5.200000000000004, "naive_bcr_l1_sim_mean": -130.802, "naive_bcr_l1_sim_var": 0.0, "weighted_bcr_l1_train_var": -5.200000000000004, "weighted_bcr_l1_train_mean": -5.200000000000004, "weighted_bcr_l1_test_mean": -5.200000000000004, "weighted_bcr_l1_sim_mean": -137.376, "weighted_bcr_l1_sim_var": 0.0, "naive_bcr_linf_train_var": -5.200000000000004, "naive_bcr_linf_train_mean": -5.200000000000004, "naive_bcr_linf_test_mean": -5.200000000000004, "naive_bcr_linf_sim_mean": -135.762, "naive_bcr_linf_sim_var": 0.0, "weighted_bcr_linf_train_var": -5.200000000000004, "weighted_bcr_linf_train_mean": -5.200000000000004, "weighted_bcr_linf_test_mean": -5.200000000000004, "weighted_bcr_linf_sim_mean": -129.722, "weighted_bcr_linf_sim_var": 0.0, "true_model_train_var": -5.528824302076539, "true_model_train_mean": -5.940780833243361, "true_model_test_mean": -5.304592669622005, "true_model_sim_mean": -83.298, "true_model_sim_var": -2.0, "_wandb": {"runtime": 56}}