{"var_RobustEDAC_train_var": 9.046342824806215, "var_RobustEDAC_train_mean": 7.528056787115146, "var_RobustEDAC_test_mean": 5.72090782366574, "var_RobustEDAC_sim_mean": 63.293217868210135, "var_RobustEDAC_sim_var": 91.2971023227292, "_timestamp": 1724144089.671733, "_runtime": 111.42797684669495, "_step": 11, "var_EDAC_train_var": 8.17327092262289, "var_EDAC_train_mean": 6.465612377998642, "var_EDAC_test_mean": 5.004255269389067, "var_EDAC_sim_mean": 110.01317494546592, "var_EDAC_sim_var": 350.1884092909168, "asymptoticvar_train_var": 13.044878338874248, "asymptoticvar_train_mean": 11.665373303648405, "asymptoticvar_test_mean": 8.481380286152874, "asymptoticvar_sim_mean": 63.26939870183215, "asymptoticvar_sim_var": 130.0, "var_train_var": 13.044878338874248, "var_train_mean": 11.665373303648405, "var_test_mean": 8.481380286152874, "var_sim_mean": 67.19057268300503, "var_sim_var": 121.2971023227292, "cvar_train_var": 13.044878338874248, "cvar_train_mean": 11.665373303648405, "cvar_test_mean": 8.481380286152874, "cvar_sim_mean": 61.65215955305484, "cvar_sim_var": 125.0, "softrobust_train_var": 13.275307953935542, "softrobust_train_mean": 11.847804949978586, "softrobust_test_mean": 8.343411096638137, "softrobust_sim_mean": 93.65786281234199, "softrobust_sim_var": 172.5942046454584, "worstrobust_train_var": 13.044878338874248, "worstrobust_train_mean": 11.665373303648405, "worstrobust_test_mean": 8.481380286152874, "worstrobust_sim_mean": 71.66373211552323, "worstrobust_sim_var": 135.0, "naive_bcr_l1_train_var": 13.044878338874248, "naive_bcr_l1_train_mean": 11.665373303648405, "naive_bcr_l1_test_mean": 8.481380286152874, "naive_bcr_l1_sim_mean": 67.33460887383676, "naive_bcr_l1_sim_var": 140.0, "weighted_bcr_l1_train_var": 13.044878338874248, "weighted_bcr_l1_train_mean": 11.665373303648405, "weighted_bcr_l1_test_mean": 8.481380286152874, "weighted_bcr_l1_sim_mean": 66.27810159950943, "weighted_bcr_l1_sim_var": 140.0, "naive_bcr_linf_train_var": 11.98219131774692, "naive_bcr_linf_train_mean": 10.569176555499999, "naive_bcr_linf_test_mean": 7.777590423548603, "naive_bcr_linf_sim_mean": 54.508898762100465, "naive_bcr_linf_sim_var": 105.0, "weighted_bcr_linf_train_var": 11.98219131774692, "weighted_bcr_linf_train_mean": 10.569176555499999, "weighted_bcr_linf_test_mean": 7.777590423548603, "weighted_bcr_linf_sim_mean": 50.26218131576852, "weighted_bcr_linf_sim_var": 110.0, "true_model_train_var": 13.275307953935542, "true_model_train_mean": 11.847804949978586, "true_model_test_mean": 8.343411096638137, "true_model_sim_mean": 99.41068895170574, "true_model_sim_var": 170.0, "_wandb": {"runtime": 110}}