{"var_RobustEDAC_train_var": 7.088285081949116, "var_RobustEDAC_train_mean": 6.913782546336892, "var_RobustEDAC_test_mean": 4.488942194467983, "var_RobustEDAC_sim_mean": 500.0, "var_RobustEDAC_sim_var": 500.0, "_timestamp": 1724178653.484205, "_runtime": 182.36453294754028, "_step": 11, "var_EDAC_train_var": 7.088285081949116, "var_EDAC_train_mean": 6.913782546336892, "var_EDAC_test_mean": 4.488942194467983, "var_EDAC_sim_mean": 500.0, "var_EDAC_sim_var": 500.0, "asymptoticvar_train_var": 15.31196734394031, "asymptoticvar_train_mean": 12.811117692593246, "asymptoticvar_test_mean": 6.33799985257001, "asymptoticvar_sim_mean": 482.9781811952319, "asymptoticvar_sim_var": 500.0, "var_train_var": 15.31196734394031, "var_train_mean": 12.811117692593246, "var_test_mean": 6.33799985257001, "var_sim_mean": 480.9496667068455, "var_sim_var": 500.0, "cvar_train_var": 15.31196734394031, "cvar_train_mean": 12.811117692593246, "cvar_test_mean": 6.33799985257001, "cvar_sim_mean": 480.5259638091683, "cvar_sim_var": 500.0, "softrobust_train_var": 15.763580741016751, "softrobust_train_mean": 13.145846284943737, "softrobust_test_mean": 6.2870687716182765, "softrobust_sim_mean": 462.54169568361823, "softrobust_sim_var": 500.0, "worstrobust_train_var": 15.31196734394031, "worstrobust_train_mean": 12.811117692593246, "worstrobust_test_mean": 6.33799985257001, "worstrobust_sim_mean": 478.4424493207819, "worstrobust_sim_var": 500.0, "naive_bcr_l1_train_var": 15.31196734394031, "naive_bcr_l1_train_mean": 12.811117692593246, "naive_bcr_l1_test_mean": 6.33799985257001, "naive_bcr_l1_sim_mean": 481.3633696045228, "naive_bcr_l1_sim_var": 500.0, "weighted_bcr_l1_train_var": 15.31196734394031, "weighted_bcr_l1_train_mean": 12.811117692593246, "weighted_bcr_l1_test_mean": 6.33799985257001, "weighted_bcr_l1_sim_mean": 480.9246667068456, "weighted_bcr_l1_sim_var": 500.0, "naive_bcr_linf_train_var": 12.612488178692725, "naive_bcr_linf_train_mean": 10.057482346080812, "naive_bcr_linf_test_mean": 4.439357170854381, "naive_bcr_linf_sim_mean": 165.85447829755464, "naive_bcr_linf_sim_var": 195.0, "weighted_bcr_linf_train_var": 12.612488178692725, "weighted_bcr_linf_train_mean": 10.057482346080812, "weighted_bcr_linf_test_mean": 4.439357170854381, "weighted_bcr_linf_sim_mean": 164.65855801381375, "weighted_bcr_linf_sim_var": 195.0, "true_model_train_var": 15.763580741016751, "true_model_train_mean": 13.145846284943737, "true_model_test_mean": 6.2870687716182765, "true_model_sim_mean": 466.43669568361827, "true_model_sim_var": 500.0, "_wandb": {"runtime": 181}}