{"var_RobustEDAC_train_var": -5.102437367343541, "var_RobustEDAC_train_mean": -5.272959721244316, "var_RobustEDAC_test_mean": -5.411469220077624, "var_RobustEDAC_sim_mean": -57.064, "var_RobustEDAC_sim_var": 0.0, "_timestamp": 1724141525.6440341, "_runtime": 30.33880114555359, "_step": 11, "var_EDAC_train_var": -4.971385487498264, "var_EDAC_train_mean": -5.092531511105846, "var_EDAC_test_mean": -5.161743608080742, "var_EDAC_sim_mean": -77.886, "var_EDAC_sim_var": 0.0, "asymptoticvar_train_var": -4.656459144138811, "asymptoticvar_train_mean": -4.738324196160596, "asymptoticvar_test_mean": -4.984476707780575, "asymptoticvar_sim_mean": -101.436, "asymptoticvar_sim_var": 0.0, "var_train_var": -4.592855486948661, "var_train_mean": -4.667450032275323, "var_test_mean": -4.961313665826207, "var_sim_mean": -93.248, "var_sim_var": 0.0, "cvar_train_var": -4.592855486948661, "cvar_train_mean": -4.667450032275323, "cvar_test_mean": -4.961313665826207, "cvar_sim_mean": -93.816, "cvar_sim_var": 0.0, "softrobust_train_var": -4.406581836063125, "softrobust_train_mean": -4.612278480221165, "softrobust_test_mean": -4.745910491185054, "softrobust_sim_mean": -88.908, "softrobust_sim_var": 0.0, "worstrobust_train_var": -4.592855486948661, "worstrobust_train_mean": -4.667450032275323, "worstrobust_test_mean": -4.961313665826207, "worstrobust_sim_mean": -88.71, "worstrobust_sim_var": 0.0, "naive_bcr_l1_train_var": -5.200000000000004, "naive_bcr_l1_train_mean": -5.200000000000004, "naive_bcr_l1_test_mean": -5.200000000000004, "naive_bcr_l1_sim_mean": -121.556, "naive_bcr_l1_sim_var": 0.0, "weighted_bcr_l1_train_var": -5.200000000000004, "weighted_bcr_l1_train_mean": -5.200000000000004, "weighted_bcr_l1_test_mean": -5.200000000000004, "weighted_bcr_l1_sim_mean": -110.536, "weighted_bcr_l1_sim_var": 0.0, "naive_bcr_linf_train_var": -5.200000000000004, "naive_bcr_linf_train_mean": -5.200000000000004, "naive_bcr_linf_test_mean": -5.200000000000004, "naive_bcr_linf_sim_mean": -115.412, "naive_bcr_linf_sim_var": 0.0, "weighted_bcr_linf_train_var": -5.200000000000004, "weighted_bcr_linf_train_mean": -5.200000000000004, "weighted_bcr_linf_test_mean": -5.200000000000004, "weighted_bcr_linf_sim_mean": -116.09, "weighted_bcr_linf_sim_var": 0.0, "true_model_train_var": -4.683719101656068, "true_model_train_mean": -5.158702313529491, "true_model_test_mean": -4.927895452430067, "true_model_sim_mean": -70.766, "true_model_sim_var": 0.0, "_wandb": {"runtime": 29}}