{"var_RobustEDAC_train_var": 7.168733980460412, "var_RobustEDAC_train_mean": 6.971773210257712, "var_RobustEDAC_test_mean": 4.327473523567074, "var_RobustEDAC_sim_mean": 500.0, "var_RobustEDAC_sim_var": 500.0, "_timestamp": 1724180375.393044, "_runtime": 217.52943205833435, "_step": 11, "var_EDAC_train_var": 7.168733980460412, "var_EDAC_train_mean": 6.971773210257712, "var_EDAC_test_mean": 4.327473523567074, "var_EDAC_sim_mean": 500.0, "var_EDAC_sim_var": 500.0, "asymptoticvar_train_var": 16.30241590844104, "asymptoticvar_train_mean": 13.103350770298661, "asymptoticvar_test_mean": 8.333516755794644, "asymptoticvar_sim_mean": 483.4268840929092, "asymptoticvar_sim_var": 500.0, "var_train_var": 16.30241590844104, "var_train_mean": 13.103350770298661, "var_test_mean": 8.333516755794644, "var_sim_mean": 482.17077539987736, "var_sim_var": 500.0, "cvar_train_var": 16.30241590844104, "cvar_train_mean": 13.103350770298661, "cvar_test_mean": 8.333516755794644, "cvar_sim_mean": 482.18577539987734, "cvar_sim_var": 500.0, "softrobust_train_var": 16.49912953333491, "softrobust_train_mean": 13.27428469719697, "softrobust_test_mean": 8.18909465167085, "softrobust_sim_mean": 459.1770725022001, "softrobust_sim_var": 500.0, "worstrobust_train_var": 16.30241590844104, "worstrobust_train_mean": 13.103350770298661, "worstrobust_test_mean": 8.333516755794644, "worstrobust_sim_mean": 481.7770725022001, "worstrobust_sim_var": 500.0, "naive_bcr_l1_train_var": 16.30241590844104, "naive_bcr_l1_train_mean": 13.103350770298661, "naive_bcr_l1_test_mean": 8.333516755794644, "naive_bcr_l1_sim_mean": 482.16577539987736, "naive_bcr_l1_sim_var": 500.0, "weighted_bcr_l1_train_var": 16.30241590844104, "weighted_bcr_l1_train_mean": 13.103350770298661, "weighted_bcr_l1_test_mean": 8.333516755794644, "weighted_bcr_l1_sim_mean": 482.16077539987737, "weighted_bcr_l1_sim_var": 500.0, "naive_bcr_linf_train_var": 12.648406526918107, "naive_bcr_linf_train_mean": 9.105463296898655, "naive_bcr_linf_test_mean": 5.898124324329389, "naive_bcr_linf_sim_mean": 148.55615221845918, "naive_bcr_linf_sim_var": 180.0, "weighted_bcr_linf_train_var": 12.648406526918107, "weighted_bcr_linf_train_mean": 9.105463296898655, "weighted_bcr_linf_test_mean": 5.898124324329389, "weighted_bcr_linf_sim_mean": 149.4581811952319, "weighted_bcr_linf_sim_var": 180.0, "true_model_train_var": 16.49912953333491, "true_model_train_mean": 13.27428469719697, "true_model_test_mean": 8.18909465167085, "true_model_sim_mean": 462.84910147897284, "true_model_sim_var": 500.0, "_wandb": {"runtime": 216}}