{"var_RobustEDAC_train_var": -5.9682542343619, "var_RobustEDAC_train_mean": -6.138971418482015, "var_RobustEDAC_test_mean": -5.641493019007093, "var_RobustEDAC_sim_mean": -67.666, "var_RobustEDAC_sim_var": 0.0, "_timestamp": 1724141895.1097522, "_runtime": 52.743505239486694, "_step": 11, "var_EDAC_train_var": -5.293535199745585, "var_EDAC_train_mean": -5.359360729247954, "var_EDAC_test_mean": -5.220815369398354, "var_EDAC_sim_mean": -99.76, "var_EDAC_sim_var": 0.0, "asymptoticvar_train_var": -4.788484994266114, "asymptoticvar_train_mean": -4.85261135555332, "asymptoticvar_test_mean": -5.048412862040841, "asymptoticvar_sim_mean": -94.952, "asymptoticvar_sim_var": 0.0, "var_train_var": -4.788484994266114, "var_train_mean": -4.85261135555332, "var_test_mean": -5.048412862040841, "var_sim_mean": -90.44, "var_sim_var": 0.0, "cvar_train_var": -4.941917916511127, "cvar_train_mean": -4.97761575033941, "cvar_test_mean": -5.074425137227499, "cvar_sim_mean": -97.928, "cvar_sim_var": 0.0, "softrobust_train_var": -4.720361219289056, "softrobust_train_mean": -4.795122170338995, "softrobust_test_mean": -5.024605184885237, "softrobust_sim_mean": -86.188, "softrobust_sim_var": 0.0, "worstrobust_train_var": -4.941917916511127, "worstrobust_train_mean": -4.97761575033941, "worstrobust_test_mean": -5.074425137227499, "worstrobust_sim_mean": -107.444, "worstrobust_sim_var": 0.0, "naive_bcr_l1_train_var": -5.200000000000004, "naive_bcr_l1_train_mean": -5.200000000000004, "naive_bcr_l1_test_mean": -5.200000000000004, "naive_bcr_l1_sim_mean": -141.88, "naive_bcr_l1_sim_var": 0.0, "weighted_bcr_l1_train_var": -5.200000000000004, "weighted_bcr_l1_train_mean": -5.200000000000004, "weighted_bcr_l1_test_mean": -5.200000000000004, "weighted_bcr_l1_sim_mean": -138.314, "weighted_bcr_l1_sim_var": 0.0, "naive_bcr_linf_train_var": -5.200000000000004, "naive_bcr_linf_train_mean": -5.200000000000004, "naive_bcr_linf_test_mean": -5.200000000000004, "naive_bcr_linf_sim_mean": -128.52, "naive_bcr_linf_sim_var": 0.0, "weighted_bcr_linf_train_var": -5.200000000000004, "weighted_bcr_linf_train_mean": -5.200000000000004, "weighted_bcr_linf_test_mean": -5.200000000000004, "weighted_bcr_linf_sim_mean": -138.534, "weighted_bcr_linf_sim_var": 0.0, "true_model_train_var": -5.8920345435682675, "true_model_train_mean": -6.242891040937525, "true_model_test_mean": -5.393723252745502, "true_model_sim_mean": -84.08, "true_model_sim_var": -2.0, "_wandb": {"runtime": 50}}