{"var_RobustEDAC_train_var": 14.76581935746378, "var_RobustEDAC_train_mean": 11.138047333360497, "var_RobustEDAC_test_mean": 9.119145147950476, "var_RobustEDAC_sim_mean": 79.43787026747427, "var_RobustEDAC_sim_var": 172.5942046454584, "_timestamp": 1724143123.860329, "_runtime": 123.14176487922668, "_step": 11, "var_EDAC_train_var": 14.028484911136722, "var_EDAC_train_mean": 10.174312800898724, "var_EDAC_test_mean": 8.505083753162674, "var_EDAC_sim_mean": 128.06044331208923, "var_EDAC_sim_var": 431.485511613646, "asymptoticvar_train_var": 18.20454339708349, "asymptoticvar_train_mean": 15.454680226861628, "asymptoticvar_test_mean": 11.78165176896132, "asymptoticvar_sim_mean": 65.43644944131854, "asymptoticvar_sim_var": 125.0, "var_train_var": 18.20454339708349, "var_train_mean": 15.454680226861628, "var_test_mean": 11.78165176896132, "var_sim_mean": 65.57942046454583, "var_sim_var": 125.0, "cvar_train_var": 18.20454339708349, "cvar_train_mean": 15.454680226861628, "cvar_test_mean": 11.78165176896132, "cvar_sim_mean": 64.6660726227367, "cvar_sim_var": 135.0, "softrobust_train_var": 19.303102178909633, "softrobust_train_mean": 15.838188911850361, "softrobust_test_mean": 11.97481049738583, "softrobust_sim_mean": 86.1844496823918, "softrobust_sim_var": 160.0, "worstrobust_train_var": 18.20454339708349, "worstrobust_train_mean": 15.454680226861628, "worstrobust_test_mean": 11.78165176896132, "worstrobust_sim_mean": 65.10163785060946, "worstrobust_sim_var": 120.0, "naive_bcr_l1_train_var": 18.20454339708349, "naive_bcr_l1_train_mean": 15.454680226861628, "naive_bcr_l1_test_mean": 11.78165176896132, "naive_bcr_l1_sim_mean": 63.330507394863965, "naive_bcr_l1_sim_var": 130.0, "weighted_bcr_l1_train_var": 18.20454339708349, "weighted_bcr_l1_train_mean": 15.454680226861628, "weighted_bcr_l1_test_mean": 11.78165176896132, "weighted_bcr_l1_sim_mean": 61.90753637163667, "weighted_bcr_l1_sim_var": 125.0, "naive_bcr_linf_train_var": 15.295128618699115, "naive_bcr_linf_train_mean": 12.43583269064406, "naive_bcr_linf_test_mean": 9.873641645994795, "naive_bcr_linf_sim_mean": 41.520550920291335, "naive_bcr_linf_sim_var": 80.0, "weighted_bcr_linf_train_var": 16.089716626730848, "weighted_bcr_linf_train_mean": 13.221116675489188, "weighted_bcr_linf_test_mean": 10.238647917844132, "weighted_bcr_linf_sim_mean": 43.116449441318544, "weighted_bcr_linf_sim_var": 85.0, "true_model_train_var": 19.303102178909633, "true_model_train_mean": 15.838188911850361, "true_model_test_mean": 11.97481049738583, "true_model_sim_mean": 95.8882613936375, "true_model_sim_var": 155.0, "_wandb": {"runtime": 121}}