{"var_RobustEDAC_train_var": 2.5000000000000018, "var_RobustEDAC_train_mean": 2.5000000000000018, "var_RobustEDAC_test_mean": 2.5000000000000018, "var_RobustEDAC_sim_mean": 500.0, "var_RobustEDAC_sim_var": 500.0, "_timestamp": 1724179440.143438, "_runtime": 249.39892411231995, "_step": 11, "var_EDAC_train_var": 2.5000000000000018, "var_EDAC_train_mean": 2.5000000000000018, "var_EDAC_test_mean": 2.5000000000000018, "var_EDAC_sim_mean": 500.0, "var_EDAC_sim_var": 500.0, "asymptoticvar_train_var": 8.744241177136223, "asymptoticvar_train_mean": 7.608618919639209, "asymptoticvar_test_mean": 6.653492296983335, "asymptoticvar_sim_mean": 480.52596380916833, "asymptoticvar_sim_var": 500.0, "var_train_var": 8.744241177136223, "var_train_mean": 7.608618919639209, "var_test_mean": 6.653492296983335, "var_sim_mean": 478.8711522184592, "var_sim_var": 500.0, "cvar_train_var": 8.744241177136223, "cvar_train_mean": 7.608618919639209, "cvar_test_mean": 6.653492296983335, "cvar_sim_mean": 482.58447829755465, "cvar_sim_var": 500.0, "softrobust_train_var": 9.4522331521484, "softrobust_train_mean": 7.854604923229466, "softrobust_test_mean": 6.514220025890505, "softrobust_sim_mean": 464.137992785941, "softrobust_sim_var": 500.0, "worstrobust_train_var": 8.744241177136223, "worstrobust_train_mean": 7.608618919639209, "worstrobust_test_mean": 6.653492296983335, "worstrobust_sim_mean": 485.09169568361824, "worstrobust_sim_var": 500.0, "naive_bcr_l1_train_var": 8.744241177136223, "naive_bcr_l1_train_mean": 7.608618919639209, "naive_bcr_l1_test_mean": 6.653492296983335, "naive_bcr_l1_sim_mean": 483.0281811952319, "naive_bcr_l1_sim_var": 500.0, "weighted_bcr_l1_train_var": 8.744241177136223, "weighted_bcr_l1_train_mean": 7.608618919639209, "weighted_bcr_l1_test_mean": 6.653492296983335, "weighted_bcr_l1_sim_mean": 486.72150727432734, "weighted_bcr_l1_sim_var": 500.0, "naive_bcr_linf_train_var": 8.744241177136223, "naive_bcr_linf_train_mean": 7.608618919639209, "naive_bcr_linf_test_mean": 6.653492296983335, "naive_bcr_linf_sim_mean": 481.7670725022001, "naive_bcr_linf_sim_var": 500.0, "weighted_bcr_linf_train_var": 8.744241177136223, "weighted_bcr_linf_train_mean": 7.608618919639209, "weighted_bcr_linf_test_mean": 6.653492296983335, "weighted_bcr_linf_sim_mean": 484.662992785941, "weighted_bcr_linf_sim_var": 500.0, "true_model_train_var": 9.4522331521484, "true_model_train_mean": 7.854604923229466, "true_model_test_mean": 6.514220025890505, "true_model_sim_mean": 461.2498551161365, "true_model_sim_var": 500.0, "_wandb": {"runtime": 248}}