{"var_RobustEDAC_train_var": -5.711764170091274, "var_RobustEDAC_train_mean": -5.875410551893382, "var_RobustEDAC_test_mean": -5.378924709162075, "var_RobustEDAC_sim_mean": -65.232, "var_RobustEDAC_sim_var": 0.0, "_timestamp": 1724142543.225421, "_runtime": 55.066311836242676, "_step": 11, "var_EDAC_train_var": -5.2979539406431755, "var_EDAC_train_mean": -5.376776475362906, "var_EDAC_test_mean": -5.190914793656104, "var_EDAC_sim_mean": -94.852, "var_EDAC_sim_var": 0.0, "asymptoticvar_train_var": -4.856931055721791, "asymptoticvar_train_mean": -4.911520610360786, "asymptoticvar_test_mean": -5.019023334815379, "asymptoticvar_sim_mean": -86.612, "asymptoticvar_sim_var": 0.0, "var_train_var": -4.787340384461413, "var_train_mean": -4.851551754956771, "var_test_mean": -5.019023334815379, "var_sim_mean": -94.254, "var_sim_var": 0.0, "cvar_train_var": -4.929889298892993, "cvar_train_mean": -4.983264531136056, "cvar_test_mean": -5.045358012796594, "cvar_sim_mean": -97.94, "cvar_sim_var": 0.0, "softrobust_train_var": -4.775210365799893, "softrobust_train_mean": -4.8466607994641375, "softrobust_test_mean": -5.010716711100472, "softrobust_sim_mean": -96.724, "softrobust_sim_var": 0.0, "worstrobust_train_var": -4.929889298892993, "worstrobust_train_mean": -4.983264531136056, "worstrobust_test_mean": -5.045358012796594, "worstrobust_sim_mean": -86.162, "worstrobust_sim_var": 0.0, "naive_bcr_l1_train_var": -5.200000000000004, "naive_bcr_l1_train_mean": -5.200000000000004, "naive_bcr_l1_test_mean": -5.200000000000004, "naive_bcr_l1_sim_mean": -138.918, "naive_bcr_l1_sim_var": 0.0, "weighted_bcr_l1_train_var": -5.200000000000004, "weighted_bcr_l1_train_mean": -5.200000000000004, "weighted_bcr_l1_test_mean": -5.200000000000004, "weighted_bcr_l1_sim_mean": -137.032, "weighted_bcr_l1_sim_var": 0.0, "naive_bcr_linf_train_var": -5.200000000000004, "naive_bcr_linf_train_mean": -5.200000000000004, "naive_bcr_linf_test_mean": -5.200000000000004, "naive_bcr_linf_sim_mean": -140.602, "naive_bcr_linf_sim_var": 0.0, "weighted_bcr_linf_train_var": -5.200000000000004, "weighted_bcr_linf_train_mean": -5.200000000000004, "weighted_bcr_linf_test_mean": -5.200000000000004, "weighted_bcr_linf_sim_mean": -138.808, "weighted_bcr_linf_sim_var": 0.0, "true_model_train_var": -5.514079869043184, "true_model_train_mean": -5.8992675050811885, "true_model_test_mean": -5.165508623765137, "true_model_sim_mean": -79.462, "true_model_sim_var": -2.0, "_wandb": {"runtime": 53}}