{"asymptoticvar_train_percentile": -4.824455848478658, "asymptoticvar_train_mean": -4.656442864570854, "asymptoticvar_test_mean": -4.961313665826207, "asymptoticvar_sim_mean": -89.144, "asymptoticvar_sim_std": 0.0, "_timestamp": 1723729190.091885, "_runtime": 23.35352110862732, "_step": 9, "var_train_percentile": -4.824455848478658, "var_train_mean": -4.656442864570854, "var_test_mean": -4.961313665826207, "var_sim_mean": -90.0, "var_sim_std": 0.0, "cvar_train_percentile": -4.824455848478658, "cvar_train_mean": -4.656442864570854, "cvar_test_mean": -4.961313665826207, "cvar_sim_mean": -91.548, "cvar_sim_std": 0.0, "softrobust_train_percentile": -4.958235726928688, "softrobust_train_mean": -4.608682823353784, "softrobust_test_mean": -4.745910491185054, "softrobust_sim_mean": -82.076, "softrobust_sim_std": 0.0, "worstrobust_train_percentile": -4.824455848478658, "worstrobust_train_mean": -4.656442864570854, "worstrobust_test_mean": -4.961313665826207, "worstrobust_sim_mean": -93.086, "worstrobust_sim_std": 0.0, "naive_bcr_l1_train_percentile": -5.200000000000004, "naive_bcr_l1_train_mean": -5.200000000000004, "naive_bcr_l1_test_mean": -5.200000000000004, "naive_bcr_l1_sim_mean": -120.266, "naive_bcr_l1_sim_std": 0.0, "weighted_bcr_l1_train_percentile": -5.200000000000004, "weighted_bcr_l1_train_mean": -5.200000000000004, "weighted_bcr_l1_test_mean": -5.200000000000004, "weighted_bcr_l1_sim_mean": -110.132, "weighted_bcr_l1_sim_std": 0.0, "naive_bcr_linf_train_percentile": -5.200000000000004, "naive_bcr_linf_train_mean": -5.200000000000004, "naive_bcr_linf_test_mean": -5.200000000000004, "naive_bcr_linf_sim_mean": -110.596, "naive_bcr_linf_sim_std": 0.0, "weighted_bcr_linf_train_percentile": -5.200000000000004, "weighted_bcr_linf_train_mean": -5.200000000000004, "weighted_bcr_linf_test_mean": -5.200000000000004, "weighted_bcr_linf_sim_mean": -113.822, "weighted_bcr_linf_sim_std": 0.0, "true_model_train_percentile": -4.958235726928688, "true_model_train_mean": -4.608682823353784, "true_model_test_mean": -4.745910491185054, "true_model_sim_mean": -88.578, "true_model_sim_std": 0.0, "_wandb": {"runtime": 22}}