{"var_RobustEDAC_train_var": 8.78665197298269, "var_RobustEDAC_train_mean": 6.009006147195591, "var_RobustEDAC_test_mean": 5.793317394990237, "var_RobustEDAC_sim_mean": 69.18012372383299, "var_RobustEDAC_sim_var": 96.2971023227292, "_timestamp": 1724145059.347421, "_runtime": 117.05880284309387, "_step": 11, "var_EDAC_train_var": 7.665895676933578, "var_EDAC_train_mean": 4.777769217494983, "var_EDAC_test_mean": 5.095250920014663, "var_EDAC_sim_mean": 99.00492846209295, "var_EDAC_sim_var": 273.8913069681876, "asymptoticvar_train_var": 7.2223494189291575, "asymptoticvar_train_mean": 7.001449864033206, "asymptoticvar_test_mean": 4.145568137560656, "asymptoticvar_sim_mean": 43.15, "asymptoticvar_sim_var": 95.0, "var_train_var": 12.762471377949998, "var_train_mean": 10.365847144387503, "var_test_mean": 8.286417417565247, "var_sim_mean": 63.30697114376392, "var_sim_var": 130.0, "cvar_train_var": 12.762471377949998, "cvar_train_mean": 10.365847144387503, "cvar_test_mean": 8.286417417565247, "cvar_sim_mean": 67.6301741017095, "cvar_sim_var": 140.0, "softrobust_train_var": 12.762471377949998, "softrobust_train_mean": 10.365847144387503, "softrobust_test_mean": 8.286417417565247, "softrobust_sim_mean": 69.20113791087778, "softrobust_sim_var": 125.0, "worstrobust_train_var": 12.762471377949998, "worstrobust_train_mean": 10.365847144387503, "worstrobust_test_mean": 8.286417417565247, "worstrobust_sim_mean": 62.10215955305484, "worstrobust_sim_var": 130.0, "naive_bcr_l1_train_var": 12.762471377949998, "naive_bcr_l1_train_mean": 10.365847144387503, "naive_bcr_l1_test_mean": 8.286417417565247, "naive_bcr_l1_sim_mean": 65.03477552041399, "naive_bcr_l1_sim_var": 130.0, "weighted_bcr_l1_train_var": 12.762471377949998, "weighted_bcr_l1_train_mean": 10.365847144387503, "weighted_bcr_l1_test_mean": 8.286417417565247, "weighted_bcr_l1_sim_mean": 67.09942046454584, "weighted_bcr_l1_sim_var": 130.0, "naive_bcr_linf_train_var": 12.762471377949998, "naive_bcr_linf_train_mean": 10.365847144387503, "naive_bcr_linf_test_mean": 8.286417417565247, "naive_bcr_linf_sim_mean": 62.43159432518209, "naive_bcr_linf_sim_var": 125.0, "weighted_bcr_linf_train_var": 12.762471377949998, "weighted_bcr_linf_train_mean": 10.365847144387503, "weighted_bcr_linf_test_mean": 8.286417417565247, "weighted_bcr_linf_sim_mean": 69.30279006906865, "weighted_bcr_linf_sim_var": 145.0, "true_model_train_var": 12.93971402565018, "true_model_train_mean": 10.336344265796047, "true_model_test_mean": 8.307536602580685, "true_model_sim_mean": 90.46522508226916, "true_model_sim_var": 165.0, "_wandb": {"runtime": 114}}