{"var_RobustEDAC_train_var": 2.5000000000000018, "var_RobustEDAC_train_mean": 2.5000000000000018, "var_RobustEDAC_test_mean": 2.5000000000000018, "var_RobustEDAC_sim_mean": 500.0, "var_RobustEDAC_sim_var": 500.0, "_timestamp": 1724181879.5880861, "_runtime": 267.81825613975525, "_step": 11, "var_EDAC_train_var": 2.5000000000000018, "var_EDAC_train_mean": 2.5000000000000018, "var_EDAC_test_mean": 2.5000000000000018, "var_EDAC_sim_mean": 500.0, "var_EDAC_sim_var": 500.0, "asymptoticvar_train_var": 10.805319532442308, "asymptoticvar_train_mean": 8.606927306898202, "asymptoticvar_test_mean": 6.653492296983335, "asymptoticvar_sim_mean": 478.9011522184592, "asymptoticvar_sim_var": 500.0, "var_train_var": 10.805319532442308, "var_train_mean": 8.606927306898202, "var_test_mean": 6.653492296983335, "var_sim_mean": 486.31780437665003, "var_sim_var": 500.0, "cvar_train_var": 10.805319532442308, "cvar_train_mean": 8.606927306898202, "cvar_test_mean": 6.653492296983335, "cvar_sim_mean": 484.25428988826366, "cvar_sim_var": 500.0, "softrobust_train_var": 11.320060381192793, "softrobust_train_mean": 8.782259951283457, "softrobust_test_mean": 6.528771522597632, "softrobust_sim_mean": 456.4909638091683, "softrobust_sim_var": 500.0, "worstrobust_train_var": 10.805319532442308, "worstrobust_train_mean": 8.606927306898202, "worstrobust_test_mean": 6.653492296983335, "worstrobust_sim_mean": 482.1557753998773, "worstrobust_sim_var": 500.0, "naive_bcr_l1_train_var": 10.805319532442308, "naive_bcr_l1_train_mean": 8.606927306898202, "naive_bcr_l1_test_mean": 6.653492296983335, "naive_bcr_l1_sim_mean": 484.2342898882637, "naive_bcr_l1_sim_var": 500.0, "weighted_bcr_l1_train_var": 10.805319532442308, "weighted_bcr_l1_train_mean": 8.606927306898202, "weighted_bcr_l1_test_mean": 6.653492296983335, "weighted_bcr_l1_sim_mean": 478.86615221845915, "weighted_bcr_l1_sim_var": 500.0, "naive_bcr_linf_train_var": 10.805319532442308, "naive_bcr_linf_train_mean": 8.606927306898202, "naive_bcr_linf_test_mean": 6.653492296983335, "naive_bcr_linf_sim_mean": 486.30280437665004, "naive_bcr_linf_sim_var": 500.0, "weighted_bcr_linf_train_var": 10.805319532442308, "weighted_bcr_linf_train_mean": 8.606927306898202, "weighted_bcr_linf_test_mean": 6.653492296983335, "weighted_bcr_linf_sim_mean": 481.7370725022001, "weighted_bcr_linf_sim_var": 500.0, "true_model_train_var": 11.320060381192793, "true_model_train_mean": 8.782259951283457, "true_model_test_mean": 6.528771522597632, "true_model_sim_mean": 462.632992785941, "true_model_sim_var": 500.0, "_wandb": {"runtime": 280}}