{"var_RobustEDAC_train_var": 10.254526889093562, "var_RobustEDAC_train_mean": 7.906167516436442, "var_RobustEDAC_test_mean": 4.9557190642717455, "var_RobustEDAC_sim_mean": 68.69863821221935, "var_RobustEDAC_sim_var": 86.2971023227292, "_timestamp": 1724144616.3379872, "_runtime": 69.58632206916809, "_step": 11, "var_EDAC_train_var": 9.61512625693598, "var_EDAC_train_mean": 7.222842718318862, "var_EDAC_test_mean": 4.28875205965933, "var_EDAC_sim_mean": 127.17912444705279, "var_EDAC_sim_var": 431.485511613646, "asymptoticvar_train_var": 11.873301976480953, "asymptoticvar_train_mean": 9.634247125550292, "asymptoticvar_test_mean": 6.653492296983335, "asymptoticvar_sim_mean": 70.37960887383676, "asymptoticvar_sim_var": 140.0, "var_train_var": 11.873301976480953, "var_train_mean": 9.634247125550292, "var_test_mean": 6.653492296983335, "var_sim_mean": 65.47550739486397, "var_sim_var": 130.0, "cvar_train_var": 11.873301976480953, "cvar_train_mean": 9.634247125550292, "cvar_test_mean": 6.653492296983335, "cvar_sim_mean": 67.25260165977774, "cvar_sim_var": 125.0, "softrobust_train_var": 12.43466256901551, "softrobust_train_mean": 9.88777149989222, "softrobust_test_mean": 6.506400938484775, "softrobust_sim_mean": 94.28248599376016, "softrobust_sim_var": 172.5942046454584, "worstrobust_train_var": 11.873301976480953, "worstrobust_train_mean": 9.634247125550292, "worstrobust_test_mean": 6.653492296983335, "worstrobust_sim_mean": 58.462137790341146, "worstrobust_sim_var": 120.0, "naive_bcr_l1_train_var": 11.873301976480953, "naive_bcr_l1_train_mean": 9.634247125550292, "naive_bcr_l1_test_mean": 6.653492296983335, "naive_bcr_l1_sim_mean": 65.88831177151403, "naive_bcr_l1_sim_var": 130.0, "weighted_bcr_l1_train_var": 11.873301976480953, "weighted_bcr_l1_train_mean": 9.634247125550292, "weighted_bcr_l1_test_mean": 6.653492296983335, "weighted_bcr_l1_sim_mean": 63.96312336222311, "weighted_bcr_l1_sim_var": 120.0, "naive_bcr_linf_train_var": 11.873301976480953, "naive_bcr_linf_train_mean": 9.634247125550292, "naive_bcr_linf_test_mean": 6.653492296983335, "naive_bcr_linf_sim_mean": 65.78331177151402, "naive_bcr_linf_sim_var": 135.0, "weighted_bcr_linf_train_var": 11.873301976480953, "weighted_bcr_linf_train_mean": 9.634247125550292, "weighted_bcr_linf_test_mean": 6.653492296983335, "weighted_bcr_linf_sim_mean": 61.0388334739594, "weighted_bcr_linf_sim_var": 135.0, "true_model_train_var": 12.43466256901551, "true_model_train_mean": 9.88777149989222, "true_model_test_mean": 6.506400938484775, "true_model_sim_mean": 93.89859468679197, "true_model_sim_var": 165.0, "_wandb": {"runtime": 68}}