{"var_RobustEDAC_train_var": 11.493635067541353, "var_RobustEDAC_train_mean": 9.123523832849713, "var_RobustEDAC_test_mean": 5.315028806237777, "var_RobustEDAC_sim_mean": 79.48025430011512, "var_RobustEDAC_sim_var": 172.5942046454584, "_timestamp": 1724144737.8882182, "_runtime": 115.6190390586853, "_step": 11, "var_EDAC_train_var": 10.438569629472784, "var_EDAC_train_mean": 7.912203531789293, "var_EDAC_test_mean": 4.440751030221736, "var_EDAC_sim_mean": 133.70326945145297, "var_EDAC_sim_var": 436.485511613646, "asymptoticvar_train_var": 15.29970383461691, "asymptoticvar_train_mean": 13.446797144903037, "asymptoticvar_test_mean": 8.333516755794644, "asymptoticvar_sim_mean": 70.37960887383676, "asymptoticvar_sim_var": 140.0, "var_train_var": 15.29970383461691, "var_train_mean": 13.446797144903037, "var_test_mean": 8.333516755794644, "var_sim_mean": 65.47550739486397, "var_sim_var": 130.0, "cvar_train_var": 15.29970383461691, "cvar_train_mean": 13.446797144903037, "cvar_test_mean": 8.333516755794644, "cvar_sim_mean": 67.25260165977774, "cvar_sim_var": 125.0, "softrobust_train_var": 15.797767284787424, "softrobust_train_mean": 13.661677560702783, "softrobust_test_mean": 8.18909465167085, "softrobust_sim_mean": 94.28248599376016, "softrobust_sim_var": 172.5942046454584, "worstrobust_train_var": 15.29970383461691, "worstrobust_train_mean": 13.446797144903037, "worstrobust_test_mean": 8.333516755794644, "worstrobust_sim_mean": 58.462137790341146, "worstrobust_sim_var": 120.0, "naive_bcr_l1_train_var": 15.29970383461691, "naive_bcr_l1_train_mean": 13.446797144903037, "naive_bcr_l1_test_mean": 8.333516755794644, "naive_bcr_l1_sim_mean": 65.88831177151403, "naive_bcr_l1_sim_var": 130.0, "weighted_bcr_l1_train_var": 15.29970383461691, "weighted_bcr_l1_train_mean": 13.446797144903037, "weighted_bcr_l1_test_mean": 8.333516755794644, "weighted_bcr_l1_sim_mean": 63.96312336222311, "weighted_bcr_l1_sim_var": 120.0, "naive_bcr_linf_train_var": 12.08008778898691, "naive_bcr_linf_train_mean": 10.032955416872493, "naive_bcr_linf_test_mean": 6.0310986668281314, "naive_bcr_linf_sim_mean": 32.48831177151403, "naive_bcr_linf_sim_var": 45.0, "weighted_bcr_linf_train_var": 12.649433560497936, "weighted_bcr_linf_train_mean": 10.660373231769599, "weighted_bcr_linf_test_mean": 6.495867815553784, "weighted_bcr_linf_sim_mean": 32.7038334739594, "weighted_bcr_linf_sim_var": 55.0, "true_model_train_var": 15.797767284787424, "true_model_train_mean": 13.661677560702783, "true_model_test_mean": 8.18909465167085, "true_model_sim_mean": 93.89859468679197, "true_model_sim_var": 165.0, "_wandb": {"runtime": 114}}