{"gradients/critic.critic.6.bias": {"_type": "histogram", "values": [1.0, 1.0, 0.0, 0.0, 1.0, 0.0, 0.0, 0.0, 1.0, 2.0, 1.0, 2.0, 0.0, 0.0, 0.0, 1.0, 0.0, 0.0, 0.0, 0.0, 0.0, 0.0, 0.0, 0.0, 0.0, 0.0, 0.0, 0.0, 0.0, 0.0, 0.0, 0.0, 0.0, 0.0, 0.0, 0.0, 0.0, 1.0, 0.0, 2.0, 1.0, 0.0, 0.0, 0.0, 0.0, 0.0, 0.0, 0.0, 0.0, 0.0, 0.0, 0.0, 0.0, 0.0, 2.0, 2.0, 0.0, 0.0, 1.0, 0.0, 0.0, 0.0, 0.0, 1.0], "bins": [-23153.171875, -22533.669921875, -21914.169921875, -21294.66796875, -20675.166015625, -20055.6640625, -19436.1640625, -18816.662109375, -18197.16015625, -17577.66015625, -16958.158203125, -16338.6572265625, -15719.15625, -15099.654296875, -14480.1533203125, -13860.6513671875, -13241.150390625, -12621.6494140625, -12002.1474609375, -11382.646484375, -10763.14453125, -10143.6435546875, -9524.142578125, -8904.640625, -8285.1396484375, -7665.638671875, -7046.13671875, -6426.634765625, -5807.134765625, -5187.6328125, -4568.130859375, -3948.630859375, -3329.126953125, -2709.625, -2090.125, -1470.623046875, -851.12109375, -231.62109375, 387.880859375, 1007.3828125, 1626.8837890625, 2246.384765625, 2865.88671875, 3485.3876953125, 4104.888671875, 4724.390625, 5343.8916015625, 5963.3935546875, 6582.89453125, 7202.3955078125, 7821.8974609375, 8441.3984375, 9060.900390625, 9680.4013671875, 10299.90234375, 10919.404296875, 11538.9052734375, 12158.40625, 12777.908203125, 13397.4091796875, 14016.91015625, 14636.412109375, 15255.9130859375, 15875.4150390625, 16494.916015625]}, "_timestamp": 1718577079.400074, "gradients/critic.critic.6.weight": {"_type": "histogram", "values": [4.0, 4.0, 9.0, 25.0, 26.0, 13.0, 50.0, 48.0, 55.0, 56.0, 73.0, 83.0, 88.0, 77.0, 115.0, 235.0, 358.0, 448.0, 355.0, 321.0, 407.0, 470.0, 190.0, 135.0, 135.0, 111.0, 101.0, 771.0, 40.0, 26.0, 37.0, 42.0, 16.0, 30.0, 24.0, 33.0, 13.0, 15.0, 20.0, 15.0, 11.0, 4.0, 5.0, 6.0, 6.0, 5.0, 0.0, 4.0, 2.0, 2.0, 0.0, 0.0, 0.0, 0.0, 0.0, 0.0, 0.0, 0.0, 0.0, 0.0, 0.0, 0.0, 0.0, 1.0], "bins": [-516510240.0, -497453440.0, -478396608.0, -459339808.0, -440283008.0, -421226176.0, -402169376.0, -383112576.0, -364055744.0, -344998912.0, -325942112.0, -306885312.0, -287828480.0, -268771680.0, -249714880.0, -230658048.0, -211601248.0, -192544448.0, -173487616.0, -154430816.0, -135373984.0, -116317184.0, -97260384.0, -78203552.0, -59146752.0, -40089952.0, -21033120.0, -1976320.0, 17080480.0, 36137312.0, 55194144.0, 74250912.0, 93307776.0, 112364608.0, 131421376.0, 150478208.0, 169535040.0, 188591840.0, 207648640.0, 226705472.0, 245762272.0, 264819072.0, 283875904.0, 302932704.0, 321989504.0, 341046336.0, 360103136.0, 379159968.0, 398216768.0, 417273568.0, 436330400.0, 455387200.0, 474444032.0, 493500832.0, 512557632.0, 531614464.0, 550671232.0, 569728064.0, 588784896.0, 607841664.0, 626898496.0, 645955328.0, 665012160.0, 684068928.0, 703125760.0]}, "gradients/critic.critic.4.bias": {"_type": "histogram", "values": [4.0, 0.0, 1.0, 3.0, 2.0, 0.0, 3.0, 4.0, 6.0, 4.0, 1.0, 5.0, 15.0, 22.0, 11.0, 13.0, 6.0, 7.0, 2.0, 8.0, 6.0, 3.0, 4.0, 10.0, 15.0, 39.0, 15.0, 17.0, 15.0, 13.0, 52.0, 26.0, 22.0, 60.0, 131.0, 145.0, 153.0, 101.0, 127.0, 128.0, 117.0, 128.0, 100.0, 104.0, 110.0, 76.0, 74.0, 396.0, 34.0, 29.0, 34.0, 28.0, 31.0, 19.0, 10.0, 9.0, 23.0, 9.0, 11.0, 8.0, 0.0, 2.0, 4.0, 5.0], "bins": [-88576.390625, -86712.09375, -84847.796875, -82983.4921875, -81119.1953125, -79254.8984375, -77390.6015625, -75526.3046875, -73662.0, -71797.703125, -69933.40625, -68069.109375, -66204.8125, -64340.5078125, -62476.2109375, -60611.9140625, -58747.6171875, -56883.31640625, -55019.01953125, -53154.71875, -51290.421875, -49426.12109375, -47561.82421875, -45697.52734375, -43833.2265625, -41968.9296875, -40104.62890625, -38240.33203125, -36376.03515625, -34511.734375, -32647.4375, -30783.13671875, -28918.837890625, -27054.541015625, -25190.240234375, -23325.943359375, -21461.642578125, -19597.345703125, -17733.048828125, -15868.748046875, -14004.451171875, -12140.150390625, -10275.853515625, -8411.556640625, -6547.255859375, -4682.958984375, -2818.658203125, -954.361328125, 909.9375, 2774.236328125, 4638.53515625, 6502.83203125, 8367.130859375, 10231.4296875, 12095.728515625, 13960.02734375, 15824.3251953125, 17688.625, 19552.921875, 21417.220703125, 23281.51953125, 25145.81640625, 27010.115234375, 28874.4140625, 30738.712890625]}, "gradients/critic.critic.4.weight": {"_type": "histogram", "values": [4.0, 3.0, 11.0, 4.0, 8.0, 8.0, 6.0, 1.0, 4.0, 7.0, 8.0, 17.0, 35.0, 29.0, 28.0, 37.0, 88.0, 78.0, 95.0, 132.0, 195.0, 237.0, 323.0, 482.0, 683.0, 1166.0, 2537.0, 9364.0, 41084.0, 100166.0, 162898.0, 65859.0, 227764.0, 15605.0, 8202.0, 4815.0, 3145.0, 1900.0, 1456.0, 1398.0, 735.0, 568.0, 574.0, 325.0, 315.0, 281.0, 345.0, 243.0, 189.0, 139.0, 93.0, 131.0, 291.0, 164.0, 126.0, 92.0, 47.0, 157.0, 272.0, 119.0, 22.0, 85.0, 113.0, 52.0], "bins": [-42232064.0, -40915468.0, -39598872.0, -38282276.0, -36965680.0, -35649084.0, -34332488.0, -33015892.0, -31699296.0, -30382700.0, -29066104.0, -27749508.0, -26432912.0, -25116316.0, -23799720.0, -22483124.0, -21166528.0, -19849932.0, -18533336.0, -17216740.0, -15900144.0, -14583548.0, -13266952.0, -11950356.0, -10633760.0, -9317164.0, -8000568.0, -6683972.0, -5367376.0, -4050780.0, -2734184.0, -1417588.0, -100996.0, 1215600.0, 2532196.0, 3848792.0, 5165388.0, 6481984.0, 7798580.0, 9115176.0, 10431772.0, 11748368.0, 13064964.0, 14381560.0, 15698156.0, 17014752.0, 18331348.0, 19647944.0, 20964540.0, 22281136.0, 23597732.0, 24914328.0, 26230924.0, 27547520.0, 28864116.0, 30180712.0, 31497308.0, 32813904.0, 34130500.0, 35447096.0, 36763692.0, 38080288.0, 39396884.0, 40713480.0, 42030076.0]}, "gradients/critic.critic.2.bias": {"_type": "histogram", "values": [1.0, 2.0, 0.0, 0.0, 0.0, 0.0, 1.0, 0.0, 0.0, 0.0, 0.0, 0.0, 0.0, 0.0, 0.0, 2.0, 0.0, 0.0, 0.0, 1.0, 0.0, 1.0, 2.0, 6.0, 12.0, 19.0, 39.0, 57.0, 124.0, 126.0, 131.0, 68.0, 52.0, 34.0, 80.0, 160.0, 77.0, 49.0, 53.0, 70.0, 47.0, 44.0, 36.0, 59.0, 50.0, 38.0, 36.0, 25.0, 17.0, 18.0, 16.0, 17.0, 35.0, 63.0, 46.0, 68.0, 64.0, 75.0, 518.0, 42.0, 40.0, 25.0, 9.0, 5.0], "bins": [-12244033.0, -12036209.0, -11828386.0, -11620562.0, -11412738.0, -11204915.0, -10997091.0, -10789267.0, -10581444.0, -10373620.0, -10165796.0, -9957972.0, -9750149.0, -9542325.0, -9334502.0, -9126678.0, -8918854.0, -8711030.0, -8503206.0, -8295383.0, -8087559.0, -7879735.5, -7671912.0, -7464088.0, -7256264.5, -7048441.0, -6840617.0, -6632793.5, -6424970.0, -6217146.0, -6009322.5, -5801498.5, -5593675.0, -5385851.5, -5178027.5, -4970204.0, -4762380.0, -4554556.5, -4346733.0, -4138909.0, -3931085.5, -3723262.0, -3515438.0, -3307614.5, -3099790.5, -2891967.0, -2684143.5, -2476319.5, -2268496.0, -2060672.125, -1852848.375, -1645024.875, -1437201.125, -1229377.375, -1021553.75, -813730.125, -605906.375, -398082.625, -190259.0, 17564.6875, 225388.375, 433212.0625, 641035.75, 848859.4375, 1056683.125]}, "gradients/critic.critic.2.weight": {"_type": "histogram", "values": [7.0, 13.0, 10.0, 3.0, 12.0, 14.0, 13.0, 19.0, 23.0, 22.0, 10.0, 2.0, 8.0, 11.0, 8.0, 11.0, 23.0, 19.0, 10.0, 15.0, 20.0, 18.0, 23.0, 10.0, 18.0, 35.0, 39.0, 24.0, 79.0, 41.0, 29.0, 47.0, 77.0, 70.0, 116.0, 89.0, 103.0, 109.0, 132.0, 160.0, 206.0, 241.0, 350.0, 715.0, 1577.0, 5148.0, 11386.0, 35899.0, 96190.0, 130540.0, 227415.0, 55052.0, 29947.0, 10328.0, 6860.0, 12335.0, 10503.0, 7123.0, 5560.0, 3405.0, 1327.0, 882.0, 672.0, 207.0],