{"var_RobustEDAC_train_var": -5.46047525513436, "var_RobustEDAC_train_mean": -5.689269575970302, "var_RobustEDAC_test_mean": -5.643226589584032, "var_RobustEDAC_sim_mean": -61.254, "var_RobustEDAC_sim_var": 0.0, "_timestamp": 1724141586.622447, "_runtime": 54.0786349773407, "_step": 11, "var_EDAC_train_var": -5.299870707118128, "var_EDAC_train_mean": -5.440948192007199, "var_EDAC_test_mean": -5.334029138008762, "var_EDAC_sim_mean": -77.572, "var_EDAC_sim_var": 0.0, "asymptoticvar_train_var": -4.796689739502589, "asymptoticvar_train_mean": -4.8769965107715985, "asymptoticvar_test_mean": -4.999114869364351, "asymptoticvar_sim_mean": -86.582, "asymptoticvar_sim_var": 0.0, "var_train_var": -4.893941854799417, "var_train_mean": -4.960953527412453, "var_test_mean": -5.024382891784175, "var_sim_mean": -100.74, "var_sim_var": 0.0, "cvar_train_var": -4.893941854799417, "cvar_train_mean": -4.960953527412453, "cvar_test_mean": -5.024382891784175, "cvar_sim_mean": -94.432, "cvar_sim_var": 0.0, "softrobust_train_var": -4.754648067845203, "softrobust_train_mean": -4.848268616301236, "softrobust_test_mean": -4.922492995744589, "softrobust_sim_mean": -96.192, "softrobust_sim_var": 0.0, "worstrobust_train_var": -4.893941854799417, "worstrobust_train_mean": -4.960953527412453, "worstrobust_test_mean": -5.024382891784175, "worstrobust_sim_mean": -87.34, "worstrobust_sim_var": 0.0, "naive_bcr_l1_train_var": -5.200000000000004, "naive_bcr_l1_train_mean": -5.200000000000004, "naive_bcr_l1_test_mean": -5.200000000000004, "naive_bcr_l1_sim_mean": -131.042, "naive_bcr_l1_sim_var": 0.0, "weighted_bcr_l1_train_var": -5.200000000000004, "weighted_bcr_l1_train_mean": -5.200000000000004, "weighted_bcr_l1_test_mean": -5.200000000000004, "weighted_bcr_l1_sim_mean": -141.196, "weighted_bcr_l1_sim_var": 0.0, "naive_bcr_linf_train_var": -5.200000000000004, "naive_bcr_linf_train_mean": -5.200000000000004, "naive_bcr_linf_test_mean": -5.200000000000004, "naive_bcr_linf_sim_mean": -134.148, "naive_bcr_linf_sim_var": 0.0, "weighted_bcr_linf_train_var": -5.200000000000004, "weighted_bcr_linf_train_mean": -5.200000000000004, "weighted_bcr_linf_test_mean": -5.200000000000004, "weighted_bcr_linf_sim_mean": -133.652, "weighted_bcr_linf_sim_var": 0.0, "true_model_train_var": -5.576901644548441, "true_model_train_mean": -5.941855480369879, "true_model_test_mean": -5.321495972707249, "true_model_sim_mean": -82.636, "true_model_sim_var": -2.0, "_wandb": {"runtime": 52}}