{"var_RobustEDAC_train_var": -4.925407030915239, "var_RobustEDAC_train_mean": -5.131731198174261, "var_RobustEDAC_test_mean": -5.278143807310204, "var_RobustEDAC_sim_mean": -61.078, "var_RobustEDAC_sim_var": 0.0, "_timestamp": 1724141801.3923168, "_runtime": 49.52319884300232, "_step": 11, "var_EDAC_train_var": -4.619199889049213, "var_EDAC_train_mean": -4.750678497418444, "var_EDAC_test_mean": -5.022616127241624, "var_EDAC_sim_mean": -90.836, "var_EDAC_sim_var": 0.0, "asymptoticvar_train_var": -4.114593837546803, "asymptoticvar_train_mean": -4.206523712724489, "asymptoticvar_test_mean": -4.768613183694171, "asymptoticvar_sim_mean": -100.94, "asymptoticvar_sim_var": 0.0, "var_train_var": -4.226054160996483, "var_train_mean": -4.304903391547218, "var_test_mean": -4.791455428736663, "var_sim_mean": -129.234, "var_sim_var": 0.0, "cvar_train_var": -4.226054160996483, "cvar_train_mean": -4.304903391547218, "cvar_test_mean": -4.791455428736663, "cvar_sim_mean": -141.112, "cvar_sim_var": 0.0, "softrobust_train_var": -4.058987299172269, "softrobust_train_mean": -4.199339046304113, "softrobust_test_mean": -4.731173153730742, "softrobust_sim_mean": -66.8, "softrobust_sim_var": 0.0, "worstrobust_train_var": -4.226054160996483, "worstrobust_train_mean": -4.304903391547218, "worstrobust_test_mean": -4.791455428736663, "worstrobust_sim_mean": -134.57, "worstrobust_sim_var": 0.0, "naive_bcr_l1_train_var": -5.200000000000004, "naive_bcr_l1_train_mean": -5.200000000000004, "naive_bcr_l1_test_mean": -5.200000000000004, "naive_bcr_l1_sim_mean": -98.982, "naive_bcr_l1_sim_var": 0.0, "weighted_bcr_l1_train_var": -5.200000000000004, "weighted_bcr_l1_train_mean": -5.200000000000004, "weighted_bcr_l1_test_mean": -5.200000000000004, "weighted_bcr_l1_sim_mean": -98.514, "weighted_bcr_l1_sim_var": -2.0, "naive_bcr_linf_train_var": -5.200000000000004, "naive_bcr_linf_train_mean": -5.200000000000004, "naive_bcr_linf_test_mean": -5.200000000000004, "naive_bcr_linf_sim_mean": -101.368, "naive_bcr_linf_sim_var": 0.0, "weighted_bcr_linf_train_var": -5.200000000000004, "weighted_bcr_linf_train_mean": -5.200000000000004, "weighted_bcr_linf_test_mean": -5.200000000000004, "weighted_bcr_linf_sim_mean": -99.702, "weighted_bcr_linf_sim_var": 0.0, "true_model_train_var": -4.114593837546803, "true_model_train_mean": -4.206523712724489, "true_model_test_mean": -4.768613183694171, "true_model_sim_mean": -98.0, "true_model_sim_var": 0.0, "_wandb": {"runtime": 47}}