{"var_RobustEDAC_train_var": 11.067876183571855, "var_RobustEDAC_train_mean": 8.408891489945516, "var_RobustEDAC_test_mean": 3.8203566518455956, "var_RobustEDAC_sim_mean": 63.687841049628304, "var_RobustEDAC_sim_var": 80.0, "_timestamp": 1724145698.515788, "_runtime": 115.85345101356506, "_step": 11, "var_EDAC_train_var": 10.120780885330522, "var_EDAC_train_mean": 7.390257748681022, "var_EDAC_test_mean": 3.0578199736119966, "var_EDAC_sim_mean": 83.91866743006531, "var_EDAC_sim_var": 258.8913069681876, "asymptoticvar_train_var": 14.665450472809685, "asymptoticvar_train_mean": 12.223889393289854, "asymptoticvar_test_mean": 6.531464196499498, "asymptoticvar_sim_mean": 64.97994216699121, "asymptoticvar_sim_var": 135.0, "var_train_var": 14.665450472809685, "var_train_mean": 12.223889393289854, "var_test_mean": 6.531464196499498, "var_sim_mean": 60.875318985573045, "var_sim_var": 120.0, "cvar_train_var": 14.665450472809685, "cvar_train_mean": 12.223889393289854, "cvar_test_mean": 6.531464196499498, "cvar_sim_mean": 67.4870146691913, "cvar_sim_var": 140.0, "softrobust_train_var": 15.190326627937026, "softrobust_train_mean": 12.586908764441768, "softrobust_test_mean": 6.4868543784908, "softrobust_sim_mean": 93.43321786821014, "softrobust_sim_var": 165.0, "worstrobust_train_var": 14.665450472809685, "worstrobust_train_mean": 12.223889393289854, "worstrobust_test_mean": 6.531464196499498, "worstrobust_sim_mean": 69.56852194351863, "worstrobust_sim_var": 141.2971023227292, "naive_bcr_l1_train_var": 14.665450472809685, "naive_bcr_l1_train_mean": 12.223889393289854, "naive_bcr_l1_test_mean": 6.531464196499498, "naive_bcr_l1_sim_mean": 66.83293495293219, "naive_bcr_l1_sim_var": 135.0, "weighted_bcr_l1_train_var": 14.665450472809685, "weighted_bcr_l1_train_mean": 12.223889393289854, "weighted_bcr_l1_test_mean": 6.531464196499498, "weighted_bcr_l1_sim_mean": 62.30329000880034, "weighted_bcr_l1_sim_var": 120.0, "naive_bcr_linf_train_var": 14.665450472809685, "naive_bcr_linf_train_mean": 12.223889393289854, "naive_bcr_linf_test_mean": 6.531464196499498, "naive_bcr_linf_sim_mean": 62.53531898557304, "naive_bcr_linf_sim_var": 130.0, "weighted_bcr_linf_train_var": 14.665450472809685, "weighted_bcr_linf_train_mean": 12.223889393289854, "weighted_bcr_linf_test_mean": 6.531464196499498, "weighted_bcr_linf_sim_mean": 65.71274654364127, "weighted_bcr_linf_sim_var": 125.0, "true_model_train_var": 15.190326627937026, "true_model_train_mean": 12.586908764441768, "true_model_test_mean": 6.4868543784908, "true_model_sim_mean": 87.65595695671914, "true_model_sim_var": 150.0, "_wandb": {"runtime": 114}}