{"var_RobustEDAC_train_var": 7.344226945873711, "var_RobustEDAC_train_mean": 7.107796005929658, "var_RobustEDAC_test_mean": 4.579101060805829, "var_RobustEDAC_sim_mean": 500.0, "var_RobustEDAC_sim_var": 500.0, "_timestamp": 1724182405.729447, "_runtime": 263.99382185935974, "_step": 11, "var_EDAC_train_var": 7.344226945873711, "var_EDAC_train_mean": 7.107796005929658, "var_EDAC_test_mean": 4.579101060805829, "var_EDAC_sim_mean": 500.0, "var_EDAC_sim_var": 500.0, "asymptoticvar_train_var": 15.890569769056594, "asymptoticvar_train_mean": 12.806266201295669, "asymptoticvar_test_mean": 6.531464196499498, "asymptoticvar_sim_mean": 481.75707250220006, "asymptoticvar_sim_var": 500.0, "var_train_var": 15.890569769056594, "var_train_mean": 12.806266201295669, "var_test_mean": 6.531464196499498, "var_sim_mean": 480.107260911491, "var_sim_var": 500.0, "cvar_train_var": 15.890569769056594, "cvar_train_mean": 12.806266201295669, "cvar_test_mean": 6.531464196499498, "cvar_sim_mean": 483.4068840929092, "cvar_sim_var": 500.0, "softrobust_train_var": 16.25163786960477, "softrobust_train_mean": 13.211516976895503, "softrobust_test_mean": 6.4868543784908, "softrobust_sim_mean": 452.1698551161365, "softrobust_sim_var": 500.0, "worstrobust_train_var": 15.890569769056594, "worstrobust_train_mean": 12.806266201295669, "worstrobust_test_mean": 6.531464196499498, "worstrobust_sim_mean": 483.4068840929092, "worstrobust_sim_var": 500.0, "naive_bcr_l1_train_var": 15.890569769056594, "naive_bcr_l1_train_mean": 12.806266201295669, "naive_bcr_l1_test_mean": 6.531464196499498, "naive_bcr_l1_sim_mean": 485.07669568361825, "naive_bcr_l1_sim_var": 500.0, "weighted_bcr_l1_train_var": 15.890569769056594, "weighted_bcr_l1_train_mean": 12.806266201295669, "weighted_bcr_l1_test_mean": 6.531464196499498, "weighted_bcr_l1_sim_mean": 479.69355801381374, "weighted_bcr_l1_sim_var": 500.0, "naive_bcr_linf_train_var": 13.783782504950379, "naive_bcr_linf_train_mean": 10.668334705432642, "naive_bcr_linf_test_mean": 4.937307747231742, "naive_bcr_linf_sim_mean": 202.07096380916826, "naive_bcr_linf_sim_var": 500.0, "weighted_bcr_linf_train_var": 13.783782504950379, "weighted_bcr_linf_train_mean": 10.668334705432642, "weighted_bcr_linf_test_mean": 4.937307747231742, "weighted_bcr_linf_sim_mean": 205.64836960452283, "weighted_bcr_linf_sim_var": 500.0, "true_model_train_var": 16.25163786960477, "true_model_train_mean": 13.211516976895503, "true_model_test_mean": 6.4868543784908, "true_model_sim_mean": 452.10577539987736, "true_model_sim_var": 500.0, "_wandb": {"runtime": 262}}