{"var_RobustEDAC_train_var": 13.024768645928573, "var_RobustEDAC_train_mean": 10.263272665645243, "var_RobustEDAC_test_mean": 5.324592883362255, "var_RobustEDAC_sim_mean": 88.81925442065175, "var_RobustEDAC_sim_var": 258.8913069681876, "_timestamp": 1724146024.1738958, "_runtime": 120.18772077560425, "_step": 11, "var_EDAC_train_var": 12.323499751420009, "var_EDAC_train_mean": 9.294062494416115, "var_EDAC_test_mean": 4.574610779789464, "var_EDAC_sim_mean": 134.6066172932621, "var_EDAC_sim_var": 517.7826139363752, "asymptoticvar_train_var": 16.35278785405818, "asymptoticvar_train_mean": 14.366438880684623, "asymptoticvar_test_mean": 8.430446184753908, "asymptoticvar_sim_mean": 70.57316688765049, "asymptoticvar_sim_var": 130.0, "var_train_var": 16.35278785405818, "var_train_mean": 14.366438880684623, "var_test_mean": 8.430446184753908, "var_sim_mean": 67.84071756686856, "var_sim_var": 135.0, "cvar_train_var": 16.35278785405818, "cvar_train_mean": 14.366438880684623, "cvar_test_mean": 8.430446184753908, "cvar_sim_mean": 62.59107262273671, "cvar_sim_var": 121.2971023227292, "softrobust_train_var": 17.58803984723804, "softrobust_train_mean": 14.945787726474611, "softrobust_test_mean": 8.468938727843076, "softrobust_sim_mean": 98.82880485879657, "softrobust_sim_var": 172.5942046454584, "worstrobust_train_var": 16.35278785405818, "worstrobust_train_mean": 14.366438880684623, "worstrobust_test_mean": 8.430446184753908, "worstrobust_sim_mean": 69.72979728312767, "worstrobust_sim_var": 135.0, "naive_bcr_l1_train_var": 16.35278785405818, "naive_bcr_l1_train_mean": 14.366438880684623, "naive_bcr_l1_test_mean": 8.430446184753908, "naive_bcr_l1_sim_mean": 66.2108842134458, "naive_bcr_l1_sim_var": 135.0, "weighted_bcr_l1_train_var": 16.35278785405818, "weighted_bcr_l1_train_mean": 14.366438880684623, "weighted_bcr_l1_test_mean": 8.430446184753908, "weighted_bcr_l1_sim_mean": 62.780485632150274, "weighted_bcr_l1_sim_var": 125.0, "naive_bcr_linf_train_var": 12.479645648200725, "naive_bcr_linf_train_mean": 10.36374085090569, "naive_bcr_linf_test_mean": 6.053817742343364, "naive_bcr_linf_sim_mean": 37.0192755806823, "naive_bcr_linf_sim_var": 45.0, "weighted_bcr_linf_train_var": 13.864391670188853, "weighted_bcr_linf_train_mean": 11.716093709223934, "weighted_bcr_linf_test_mean": 6.770325602032715, "weighted_bcr_linf_sim_mean": 34.972913190218506, "weighted_bcr_linf_sim_var": 55.0, "true_model_train_var": 17.58803984723804, "true_model_train_mean": 14.945787726474611, "true_model_test_mean": 8.468938727843076, "true_model_sim_mean": 99.95974690525117, "true_model_sim_var": 172.5942046454584, "_wandb": {"runtime": 118}}