{"asymptoticvar_train_percentile": -4.650366733317638, "asymptoticvar_train_mean": -4.435252080205908, "asymptoticvar_test_mean": -4.9444810387338745, "asymptoticvar_sim_mean": -81.85, "asymptoticvar_sim_std": 0.0, "_timestamp": 1723731361.7654421, "_runtime": 22.23527216911316, "_step": 9, "var_train_percentile": -4.69813959865433, "var_train_mean": -4.51854533801032, "var_test_mean": -4.967101735054025, "var_sim_mean": -110.896, "var_sim_std": 0.0, "cvar_train_percentile": -4.650366733317638, "cvar_train_mean": -4.435252080205908, "cvar_test_mean": -4.9444810387338745, "cvar_sim_mean": -93.444, "cvar_sim_std": 0.0, "softrobust_train_percentile": -4.5500332598031035, "softrobust_train_mean": -4.332480509502722, "softrobust_test_mean": -4.920152299540689, "softrobust_sim_mean": -67.352, "softrobust_sim_std": 0.0, "worstrobust_train_percentile": -4.69813959865433, "worstrobust_train_mean": -4.51854533801032, "worstrobust_test_mean": -4.967101735054025, "worstrobust_sim_mean": -115.67, "worstrobust_sim_std": 0.0, "naive_bcr_l1_train_percentile": -5.200000000000004, "naive_bcr_l1_train_mean": -5.200000000000004, "naive_bcr_l1_test_mean": -5.200000000000004, "naive_bcr_l1_sim_mean": -108.222, "naive_bcr_l1_sim_std": 0.0, "weighted_bcr_l1_train_percentile": -5.200000000000004, "weighted_bcr_l1_train_mean": -5.200000000000004, "weighted_bcr_l1_test_mean": -5.200000000000004, "weighted_bcr_l1_sim_mean": -112.488, "weighted_bcr_l1_sim_std": 0.0, "naive_bcr_linf_train_percentile": -5.200000000000004, "naive_bcr_linf_train_mean": -5.200000000000004, "naive_bcr_linf_test_mean": -5.200000000000004, "naive_bcr_linf_sim_mean": -115.222, "naive_bcr_linf_sim_std": 0.0, "weighted_bcr_linf_train_percentile": -5.200000000000004, "weighted_bcr_linf_train_mean": -5.200000000000004, "weighted_bcr_linf_test_mean": -5.200000000000004, "weighted_bcr_linf_sim_mean": -116.08, "weighted_bcr_linf_sim_std": 0.0, "true_model_train_percentile": -4.5500332598031035, "true_model_train_mean": -4.332480509502722, "true_model_test_mean": -4.920152299540689, "true_model_sim_mean": -62.77, "true_model_sim_std": 0.0, "_wandb": {"runtime": 21}}