{"var_RobustEDAC_train_var": 7.383914911095966, "var_RobustEDAC_train_mean": 7.214224657701765, "var_RobustEDAC_test_mean": 4.488300912430756, "var_RobustEDAC_sim_mean": 500.0, "var_RobustEDAC_sim_var": 500.0, "_timestamp": 1724179179.665233, "_runtime": 170.5962779521942, "_step": 11, "var_EDAC_train_var": 7.383914911095966, "var_EDAC_train_mean": 7.214224657701765, "var_EDAC_test_mean": 4.488300912430756, "var_EDAC_sim_mean": 500.0, "var_EDAC_sim_var": 500.0, "asymptoticvar_train_var": 14.536640219361065, "asymptoticvar_train_mean": 12.160845250677209, "asymptoticvar_test_mean": 8.481380286152874, "asymptoticvar_sim_mean": 480.092260911491, "asymptoticvar_sim_var": 500.0, "var_train_var": 14.536640219361065, "var_train_mean": 12.160845250677209, "var_test_mean": 8.481380286152874, "var_sim_mean": 486.3028043766501, "var_sim_var": 500.0, "cvar_train_var": 14.536640219361065, "cvar_train_mean": 12.160845250677209, "cvar_test_mean": 8.481380286152874, "cvar_sim_mean": 485.06669568361826, "cvar_sim_var": 500.0, "softrobust_train_var": 14.828932219373161, "softrobust_train_mean": 12.336397646625473, "softrobust_test_mean": 8.343411096638137, "softrobust_sim_mean": 460.4203985812955, "softrobust_sim_var": 500.0, "worstrobust_train_var": 14.536640219361065, "worstrobust_train_mean": 12.160845250677209, "worstrobust_test_mean": 8.481380286152874, "worstrobust_sim_mean": 485.90410147897285, "worstrobust_sim_var": 500.0, "naive_bcr_l1_train_var": 14.536640219361065, "naive_bcr_l1_train_mean": 12.160845250677209, "naive_bcr_l1_test_mean": 8.481380286152874, "naive_bcr_l1_sim_mean": 484.2542898882637, "naive_bcr_l1_sim_var": 500.0, "weighted_bcr_l1_train_var": 14.536640219361065, "weighted_bcr_l1_train_mean": 12.160845250677209, "weighted_bcr_l1_test_mean": 8.481380286152874, "weighted_bcr_l1_sim_mean": 485.06669568361826, "weighted_bcr_l1_sim_var": 500.0, "naive_bcr_linf_train_var": 11.359672154195069, "naive_bcr_linf_train_mean": 8.800354898606326, "naive_bcr_linf_test_mean": 6.414899431338259, "naive_bcr_linf_sim_mean": 236.35836960452284, "naive_bcr_linf_sim_var": 500.0, "weighted_bcr_linf_train_var": 11.359672154195069, "weighted_bcr_linf_train_mean": 8.800354898606326, "weighted_bcr_linf_test_mean": 6.414899431338259, "weighted_bcr_linf_sim_mean": 227.222260911491, "weighted_bcr_linf_sim_var": 500.0, "true_model_train_var": 14.828932219373161, "true_model_train_mean": 12.336397646625473, "true_model_test_mean": 8.343411096638137, "true_model_sim_mean": 461.8383696045228, "true_model_sim_var": 500.0, "_wandb": {"runtime": 169}}