{"var_RobustEDAC_train_var": 2.5000000000000018, "var_RobustEDAC_train_mean": 2.5000000000000018, "var_RobustEDAC_test_mean": 2.5000000000000018, "var_RobustEDAC_sim_mean": 500.0, "var_RobustEDAC_sim_var": 500.0, "_timestamp": 1724180150.942548, "_runtime": 157.46370100975037, "_step": 11, "var_EDAC_train_var": 2.5000000000000018, "var_EDAC_train_mean": 2.5000000000000018, "var_EDAC_test_mean": 2.5000000000000018, "var_EDAC_sim_mean": 500.0, "var_EDAC_sim_var": 500.0, "asymptoticvar_train_var": 12.332034950604541, "asymptoticvar_train_mean": 9.03908452738078, "asymptoticvar_test_mean": 6.653492296983335, "asymptoticvar_sim_mean": 478.05874642310465, "asymptoticvar_sim_var": 500.0, "var_train_var": 12.332034950604541, "var_train_mean": 9.03908452738078, "var_test_mean": 6.653492296983335, "var_sim_mean": 484.677992785941, "var_sim_var": 500.0, "cvar_train_var": 12.332034950604541, "cvar_train_mean": 9.03908452738078, "cvar_test_mean": 6.653492296983335, "cvar_sim_mean": 479.6985580138137, "cvar_sim_var": 500.0, "softrobust_train_var": 12.959387510283499, "softrobust_train_mean": 9.271108108863537, "softrobust_test_mean": 6.506400938484775, "softrobust_sim_mean": 459.87688409290917, "softrobust_sim_var": 500.0, "worstrobust_train_var": 12.332034950604541, "worstrobust_train_mean": 9.03908452738078, "worstrobust_test_mean": 6.653492296983335, "worstrobust_sim_mean": 483.0031811952319, "worstrobust_sim_var": 500.0, "naive_bcr_l1_train_var": 12.332034950604541, "naive_bcr_l1_train_mean": 9.03908452738078, "naive_bcr_l1_test_mean": 6.653492296983335, "naive_bcr_l1_sim_mean": 482.19077539987734, "naive_bcr_l1_sim_var": 500.0, "weighted_bcr_l1_train_var": 12.332034950604541, "weighted_bcr_l1_train_mean": 9.03908452738078, "weighted_bcr_l1_test_mean": 6.653492296983335, "weighted_bcr_l1_sim_mean": 479.2998551161364, "weighted_bcr_l1_sim_var": 500.0, "naive_bcr_linf_train_var": 12.332034950604541, "naive_bcr_linf_train_mean": 9.03908452738078, "naive_bcr_linf_test_mean": 6.653492296983335, "naive_bcr_linf_sim_mean": 485.04169568361823, "naive_bcr_linf_sim_var": 500.0, "weighted_bcr_linf_train_var": 12.332034950604541, "weighted_bcr_linf_train_mean": 9.03908452738078, "weighted_bcr_linf_test_mean": 6.653492296983335, "weighted_bcr_linf_sim_mean": 483.4118840929092, "weighted_bcr_linf_sim_var": 500.0, "true_model_train_var": 12.959387510283499, "true_model_train_mean": 9.271108108863537, "true_model_test_mean": 6.506400938484775, "true_model_sim_mean": 459.35410147897284, "true_model_sim_var": 500.0, "_wandb": {"runtime": 156}}