{"var_RobustEDAC_train_var": 2.5000000000000018, "var_RobustEDAC_train_mean": 2.5000000000000018, "var_RobustEDAC_test_mean": 2.5000000000000018, "var_RobustEDAC_sim_mean": 500.0, "var_RobustEDAC_sim_var": 500.0, "_timestamp": 1724183499.571043, "_runtime": 280.0062041282654, "_step": 11, "var_EDAC_train_var": 2.5000000000000018, "var_EDAC_train_mean": 2.5000000000000018, "var_EDAC_test_mean": 2.5000000000000018, "var_EDAC_sim_mean": 500.0, "var_EDAC_sim_var": 500.0, "asymptoticvar_train_var": 14.840955704134519, "asymptoticvar_train_mean": 11.11253368787341, "asymptoticvar_test_mean": 6.653492296983335, "asymptoticvar_sim_mean": 481.3383696045228, "asymptoticvar_sim_var": 500.0, "var_train_var": 15.503795616317596, "var_train_mean": 11.809681195561254, "var_test_mean": 6.697402157757899, "var_sim_mean": 457.3161522184592, "var_sim_var": 500.0, "cvar_train_var": 15.503795616317596, "cvar_train_mean": 11.809681195561254, "cvar_test_mean": 6.697402157757899, "cvar_sim_mean": 463.617992785941, "cvar_sim_var": 500.0, "softrobust_train_var": 15.503795616317596, "softrobust_train_mean": 11.809681195561254, "softrobust_test_mean": 6.697402157757899, "softrobust_sim_mean": 467.9881811952319, "softrobust_sim_var": 500.0, "worstrobust_train_var": 15.503795616317596, "worstrobust_train_mean": 11.809681195561254, "worstrobust_test_mean": 6.697402157757899, "worstrobust_sim_mean": 462.6385580138137, "worstrobust_sim_var": 500.0, "naive_bcr_l1_train_var": 14.840955704134519, "naive_bcr_l1_train_mean": 11.11253368787341, "naive_bcr_l1_test_mean": 6.653492296983335, "naive_bcr_l1_sim_mean": 479.68855801381375, "naive_bcr_l1_sim_var": 500.0, "weighted_bcr_l1_train_var": 14.840955704134519, "weighted_bcr_l1_train_mean": 11.11253368787341, "weighted_bcr_l1_test_mean": 6.653492296983335, "weighted_bcr_l1_sim_mean": 483.8205869905865, "weighted_bcr_l1_sim_var": 500.0, "naive_bcr_linf_train_var": 14.840955704134519, "naive_bcr_linf_train_mean": 11.11253368787341, "naive_bcr_linf_test_mean": 6.653492296983335, "naive_bcr_linf_sim_mean": 480.5209638091683, "naive_bcr_linf_sim_var": 500.0, "weighted_bcr_linf_train_var": 14.840955704134519, "weighted_bcr_linf_train_mean": 11.11253368787341, "weighted_bcr_linf_test_mean": 6.653492296983335, "weighted_bcr_linf_sim_mean": 485.06669568361826, "weighted_bcr_linf_sim_var": 500.0, "true_model_train_var": 15.503795616317596, "true_model_train_mean": 11.809681195561254, "true_model_test_mean": 6.697402157757899, "true_model_sim_mean": 456.7733696045228, "true_model_sim_var": 500.0, "_wandb": {"runtime": 278}}