{"gradients/critic.critic.6.bias": {"_type": "histogram", "values": [1.0, 0.0, 0.0, 0.0, 0.0, 0.0, 0.0, 0.0, 0.0, 0.0, 0.0, 0.0, 0.0, 0.0, 1.0, 0.0, 0.0, 0.0, 0.0, 1.0, 0.0, 0.0, 0.0, 0.0, 0.0, 0.0, 0.0, 0.0, 0.0, 0.0, 0.0, 0.0, 1.0, 0.0, 0.0, 0.0, 0.0, 0.0, 1.0, 0.0, 2.0, 0.0, 0.0, 1.0, 3.0, 0.0, 0.0, 0.0, 2.0, 0.0, 0.0, 1.0, 1.0, 1.0, 0.0, 1.0, 0.0, 1.0, 0.0, 0.0, 0.0, 0.0, 1.0, 1.0], "bins": [-10.136009216308594, -9.932779312133789, -9.729549407958984, -9.52631950378418, -9.323088645935059, -9.119858741760254, -8.91662883758545, -8.713398933410645, -8.51016902923584, -8.306938171386719, -8.103708267211914, -7.900478363037109, -7.697248458862305, -7.4940185546875, -7.290788173675537, -7.087558269500732, -6.8843278884887695, -6.681097984313965, -6.47786808013916, -6.2746381759643555, -6.071407794952393, -5.868177890777588, -5.664947509765625, -5.46171760559082, -5.258487701416016, -5.055257320404053, -4.852027416229248, -4.648797512054443, -4.4455671310424805, -4.242337226867676, -4.039107322692871, -3.835876941680908, -3.6326470375061035, -3.429417133331299, -3.226186752319336, -3.0229568481445312, -2.8197269439697266, -2.6164965629577637, -2.413266658782959, -2.2100367546081543, -2.0068063735961914, -1.8035764694213867, -1.600346565246582, -1.3971161842346191, -1.1938862800598145, -0.9906561374664307, -0.7874259948730469, -0.5841960906982422, -0.3809659481048584, -0.1777358055114746, 0.025494098663330078, 0.22872424125671387, 0.43195438385009766, 0.6351842880249023, 0.8384144306182861, 1.04164457321167, 1.2448745965957642, 1.4481046199798584, 1.6513347625732422, 1.8545647859573364, 2.0577948093414307, 2.2610249519348145, 2.4642550945281982, 2.667484998703003, 2.8707151412963867]}, "_timestamp": 1718577774.469451, "gradients/critic.critic.6.weight": {"_type": "histogram", "values": [2.0, 1.0, 0.0, 0.0, 0.0, 0.0, 0.0, 0.0, 0.0, 0.0, 0.0, 0.0, 0.0, 0.0, 1.0, 1.0, 1.0, 0.0, 1.0, 0.0, 0.0, 0.0, 1.0, 1.0, 1.0, 2.0, 0.0, 4.0, 9.0, 8.0, 13.0, 5.0, 3.0, 6.0, 22.0, 17.0, 26.0, 9.0, 36.0, 141.0, 4714.0, 25.0, 16.0, 3.0, 4.0, 4.0, 4.0, 2.0, 4.0, 4.0, 3.0, 2.0, 5.0, 2.0, 4.0, 6.0, 3.0, 3.0, 0.0, 0.0, 0.0, 0.0, 0.0, 1.0], "bins": [-113.94168090820312, -111.09796142578125, -108.25423431396484, -105.41051483154297, -102.56678771972656, -99.72306823730469, -96.87934112548828, -94.0356216430664, -91.19189453125, -88.34817504882812, -85.50444793701172, -82.66072845458984, -79.81700134277344, -76.97328186035156, -74.12956237792969, -71.28583526611328, -68.44210815429688, -65.598388671875, -62.75466537475586, -59.91094207763672, -57.06721878051758, -54.22349548339844, -51.3797721862793, -48.536048889160156, -45.69232940673828, -42.848602294921875, -40.0048828125, -37.161155700683594, -34.31743621826172, -31.473709106445312, -28.629989624023438, -25.78626251220703, -22.942543029785156, -20.09882354736328, -17.255096435546875, -14.411376953125, -11.567649841308594, -8.723930358886719, -5.8802032470703125, -3.0364837646484375, -0.19275665283203125, 2.6509628295898438, 5.494686126708984, 8.338409423828125, 11.182132720947266, 14.025856018066406, 16.869579315185547, 19.713302612304688, 22.557025909423828, 25.40074920654297, 28.24447250366211, 31.08819580078125, 33.93191909790039, 36.77564239501953, 39.619361877441406, 42.46308898925781, 45.30680847167969, 48.150535583496094, 50.99425506591797, 53.83797836303711, 56.68170166015625, 59.52542495727539, 62.36914825439453, 65.21287536621094, 68.05659484863281]}, "gradients/critic.critic.4.bias": {"_type": "histogram", "values": [1.0, 2.0, 0.0, 0.0, 0.0, 0.0, 0.0, 3.0, 5.0, 0.0, 0.0, 0.0, 0.0, 0.0, 0.0, 0.0, 0.0, 0.0, 0.0, 0.0, 0.0, 0.0, 2.0, 0.0, 2.0, 9.0, 2.0, 2.0, 0.0, 2.0, 3.0, 1.0, 3.0, 0.0, 1.0, 2.0, 2.0, 2.0, 4.0, 0.0, 0.0, 0.0, 0.0, 1.0, 0.0, 0.0, 0.0, 0.0, 0.0, 0.0, 1.0, 0.0, 3.0, 7.0, 38.0, 2419.0, 28.0, 4.0, 5.0, 2.0, 0.0, 1.0, 1.0, 2.0], "bins": [-35.12568664550781, -34.489871978759766, -33.85405731201172, -33.21824264526367, -32.582427978515625, -31.94661521911621, -31.310800552368164, -30.674985885620117, -30.039173126220703, -29.403358459472656, -28.76754379272461, -28.131729125976562, -27.495914459228516, -26.86009979248047, -26.224285125732422, -25.588472366333008, -24.95265769958496, -24.316843032836914, -23.6810302734375, -23.045215606689453, -22.409400939941406, -21.77358627319336, -21.137771606445312, -20.501956939697266, -19.86614227294922, -19.230327606201172, -18.594514846801758, -17.95870018005371, -17.322885513305664, -16.687070846557617, -16.051258087158203, -15.415443420410156, -14.779626846313477, -14.14381217956543, -13.507997512817383, -12.872184753417969, -12.236370086669922, -11.600555419921875, -10.964740753173828, -10.328927040100098, -9.69311237335205, -9.057297706604004, -8.421483993530273, -7.785669326782227, -7.14985466003418, -6.514040946960449, -5.878226280212402, -5.242412567138672, -4.606597900390625, -3.970783233642578, -3.3349695205688477, -2.699154853820801, -2.063340663909912, -1.4275264739990234, -0.7917118072509766, -0.1558976173400879, 0.4799165725708008, 1.1157307624816895, 1.7515451908111572, 2.387359619140625, 3.0231738090515137, 3.6589879989624023, 4.294802665710449, 4.930616855621338, 5.566431045532227]}, "gradients/critic.critic.4.weight": {"_type": "histogram", "values": [1.0, 0.0, 0.0, 0.0, 0.0, 0.0, 0.0, 0.0, 0.0, 0.0, 0.0, 0.0, 0.0, 0.0, 0.0, 0.0, 0.0, 0.0, 0.0, 0.0, 1.0, 3.0, 1.0, 1.0, 1.0, 1.0, 2.0, 7.0, 6.0, 9.0, 4.0, 8.0, 15.0, 27.0, 57.0, 212.0, 654372.0, 443.0, 108.0, 34.0, 14.0, 2.0, 4.0, 4.0, 1.0, 3.0, 4.0, 1.0, 3.0, 0.0, 0.0, 1.0, 1.0, 2.0, 0.0, 1.0, 2.0, 2.0, 0.0, 0.0, 0.0, 0.0, 0.0, 2.0], "bins": [-56.266876220703125, -54.73128890991211, -53.195701599121094, -51.660118103027344, -50.12453079223633, -48.58894348144531, -47.0533561706543, -45.51776885986328, -43.98218536376953, -42.446598052978516, -40.9110107421875, -39.37542724609375, -37.83983612060547, -36.30425262451172, -34.7686653137207, -33.23307800292969, -31.697492599487305, -30.16190528869629, -28.626319885253906, -27.09073257446289, -25.555147171020508, -24.019561767578125, -22.48397445678711, -20.948387145996094, -19.412799835205078, -17.877212524414062, -16.341629028320312, -14.806041717529297, -13.270454406738281, -11.734867095947266, -10.199283599853516, -8.6636962890625, -7.128108978271484, -5.592521667480469, -4.056934356689453, -2.521350860595703, -0.9857635498046875, 0.5498237609863281, 2.0854110717773438, 3.6209945678710938, 5.156581878662109, 6.692169189453125, 8.22775650024414, 9.763343811035156, 11.298929214477539, 12.834514617919922, 14.370101928710938, 15.90568733215332, 17.441274642944336, 18.97686195373535, 20.512447357177734, 22.04803466796875, 23.583620071411133, 25.11920738220215, 26.65479278564453, 28.190380096435547, 29.725967407226562, 31.261552810668945, 32.79713821411133, 34.332725524902344, 35.86831283569336, 37.403900146484375, 38.939483642578125, 40.47507095336914, 42.010658264160156]}, "gradients/critic.critic.2.bias": {"_type": "histogram", "values": [3.0, 0.0, 1.0, 3.0, 7.0, 5.0, 5.0, 7.0, 14.0, 2482.0, 16.0, 8.0, 1.0, 2.0, 1.0, 0.0, 1.0, 0.0, 0.0, 0.0, 0.0, 1.0, 0.0, 0.0, 0.0, 1.0, 0.0, 0.0, 0.0, 0.0, 0.0, 0.0, 0.0, 0.0, 0.0, 1.0, 0.0, 0.0, 0.0, 0.0, 0.0, 0.0, 0.0, 0.0, 0.0, 0.0, 0.0, 0.0, 0.0, 0.0, 0.0, 0.0, 0.0, 0.0, 0.0, 0.0, 0.0, 0.0, 0.0, 0.0, 0.0, 0.0, 0.0, 1.0],