{"gradients/critic.critic.6.bias": {"_type": "histogram", "values": [1.0, 0.0, 0.0, 0.0, 0.0, 0.0, 1.0, 0.0, 0.0, 0.0, 0.0, 0.0, 0.0, 0.0, 0.0, 0.0, 0.0, 0.0, 0.0, 0.0, 0.0, 0.0, 0.0, 0.0, 0.0, 0.0, 0.0, 0.0, 0.0, 0.0, 0.0, 0.0, 0.0, 0.0, 0.0, 0.0, 0.0, 1.0, 1.0, 0.0, 1.0, 0.0, 0.0, 0.0, 0.0, 2.0, 0.0, 3.0, 1.0, 1.0, 1.0, 1.0, 0.0, 2.0, 1.0, 0.0, 0.0, 0.0, 0.0, 0.0, 0.0, 1.0, 1.0, 1.0], "bins": [-0.6413092613220215, -0.6284172534942627, -0.6155253052711487, -0.6026332974433899, -0.5897412896156311, -0.5768493413925171, -0.5639573335647583, -0.5510653257369995, -0.5381733775138855, -0.5252813696861267, -0.5123894214630127, -0.4994974136352539, -0.4866054058074951, -0.4737134575843811, -0.4608214497566223, -0.4479294717311859, -0.4350374937057495, -0.4221454858779907, -0.4092535078525543, -0.3963615298271179, -0.38346952199935913, -0.37057754397392273, -0.35768556594848633, -0.3447935879230499, -0.33190158009529114, -0.31900960206985474, -0.30611762404441833, -0.29322561621665955, -0.28033363819122314, -0.26744166016578674, -0.25454968214035034, -0.24165767431259155, -0.22876571118831635, -0.21587373316287994, -0.20298172533512115, -0.19008974730968475, -0.17719776928424835, -0.16430579125881195, -0.15141378343105316, -0.13852180540561676, -0.12562982738018036, -0.11273781955242157, -0.09984584152698517, -0.08695386350154877, -0.07406188547611237, -0.06116989254951477, -0.048277899622917175, -0.035385921597480774, -0.02249392867088318, -0.009601935744285583, 0.003290042281150818, 0.016182035207748413, 0.029074013233184814, 0.04196600615978241, 0.05485798418521881, 0.0677499771118164, 0.0806419625878334, 0.0935339480638504, 0.1064259335398674, 0.1193179190158844, 0.132209911942482, 0.1451018899679184, 0.157993882894516, 0.1708858609199524, 0.18377785384655]}, "_timestamp": 1718558692.8380768, "gradients/critic.critic.6.weight": {"_type": "histogram", "values": [2.0, 0.0, 0.0, 0.0, 0.0, 0.0, 0.0, 0.0, 0.0, 0.0, 0.0, 0.0, 0.0, 0.0, 1.0, 0.0, 0.0, 0.0, 0.0, 0.0, 0.0, 0.0, 1.0, 4.0, 0.0, 0.0, 0.0, 0.0, 2.0, 0.0, 0.0, 0.0, 0.0, 0.0, 1.0, 1.0, 0.0, 2.0, 0.0, 0.0, 0.0, 1.0, 1.0, 5.0, 2.0, 3.0, 7.0, 13.0, 37.0, 143.0, 4791.0, 45.0, 16.0, 16.0, 10.0, 8.0, 1.0, 0.0, 2.0, 2.0, 2.0, 0.0, 0.0, 1.0], "bins": [-1.1359972953796387, -1.1133898496627808, -1.0907824039459229, -1.068174958229065, -1.045567512512207, -1.0229600667953491, -1.0003526210784912, -0.9777451753616333, -0.9551377296447754, -0.9325302839279175, -0.9099228382110596, -0.8873153924942017, -0.8647079467773438, -0.8421005010604858, -0.8194930553436279, -0.79688560962677, -0.7742781639099121, -0.7516707181930542, -0.7290632724761963, -0.7064558267593384, -0.6838483810424805, -0.6612409353256226, -0.6386334896087646, -0.6160261034965515, -0.5934186577796936, -0.5708112120628357, -0.5482037663459778, -0.5255963206291199, -0.502988874912262, -0.48038142919540405, -0.45777398347854614, -0.43516653776168823, -0.4125590920448303, -0.3899516463279724, -0.3673442006111145, -0.3447367548942566, -0.3221293091773987, -0.29952186346054077, -0.27691441774368286, -0.25430697202682495, -0.23169952630996704, -0.20909208059310913, -0.1864846646785736, -0.1638772189617157, -0.1412697732448578, -0.11866232752799988, -0.09605488181114197, -0.07344743609428406, -0.05083999037742615, -0.028232544660568237, -0.005625098943710327, 0.016982346773147583, 0.03958979249000549, 0.06219722330570221, 0.08480466902256012, 0.10741211473941803, 0.13001956045627594, 0.15262700617313385, 0.17523445188999176, 0.19784188270568848, 0.2204493284225464, 0.2430567741394043, 0.2656642198562622, 0.2882716655731201, 0.310879111289978]}, "gradients/critic.critic.4.bias": {"_type": "histogram", "values": [2.0, 0.0, 0.0, 0.0, 0.0, 0.0, 0.0, 0.0, 0.0, 1.0, 0.0, 0.0, 0.0, 0.0, 0.0, 0.0, 0.0, 0.0, 5.0, 0.0, 0.0, 0.0, 0.0, 0.0, 2.0, 0.0, 0.0, 0.0, 0.0, 0.0, 0.0, 0.0, 0.0, 1.0, 1.0, 0.0, 0.0, 0.0, 0.0, 0.0, 0.0, 1.0, 0.0, 2.0, 2.0, 4.0, 12.0, 18.0, 38.0, 2357.0, 54.0, 10.0, 11.0, 9.0, 12.0, 6.0, 4.0, 1.0, 1.0, 1.0, 0.0, 2.0, 1.0, 2.0], "bins": [-1.2013493776321411, -1.1773098707199097, -1.1532704830169678, -1.1292309761047363, -1.1051914691925049, -1.081152081489563, -1.0571125745773315, -1.0330731868743896, -1.0090336799621582, -0.9849941730499268, -0.9609547257423401, -0.9369152784347534, -0.912875771522522, -0.8888363838195801, -0.8647968769073486, -0.840757429599762, -0.8167179822921753, -0.7926784753799438, -0.7686390280723572, -0.7445995807647705, -0.7205600738525391, -0.6965206265449524, -0.6724811792373657, -0.648441731929779, -0.6244022250175476, -0.6003627777099609, -0.5763233304023743, -0.5522838234901428, -0.5282443761825562, -0.5042049288749695, -0.4801654815673828, -0.45612597465515137, -0.4320864975452423, -0.40804705023765564, -0.3840075433254242, -0.3599680960178375, -0.33592864871025085, -0.3118892014026642, -0.28784969449043274, -0.26381024718284607, -0.2397707998752594, -0.21573129296302795, -0.19169184565544128, -0.16765239834785461, -0.14361292123794556, -0.11957347393035889, -0.09553399682044983, -0.07149454951286316, -0.0474550724029541, -0.023415595293045044, 0.000623852014541626, 0.024663329124450684, 0.048702776432037354, 0.07274225354194641, 0.09678171575069427, 0.12082117795944214, 0.14486064016819, 0.16890010237693787, 0.19293956458568573, 0.2169790267944336, 0.24101850390434265, 0.2650579512119293, 0.2890974283218384, 0.31313687562942505, 0.3371763527393341]}, "gradients/critic.critic.4.weight": {"_type": "histogram", "values": [2.0, 0.0, 0.0, 0.0, 0.0, 0.0, 0.0, 0.0, 0.0, 1.0, 0.0, 0.0, 0.0, 0.0, 0.0, 0.0, 0.0, 0.0, 0.0, 0.0, 0.0, 0.0, 0.0, 0.0, 0.0, 0.0, 0.0, 0.0, 0.0, 0.0, 0.0, 0.0, 0.0, 0.0, 0.0, 1.0, 1.0, 0.0, 0.0, 0.0, 0.0, 0.0, 0.0, 0.0, 1.0, 0.0, 0.0, 0.0, 0.0, 0.0, 0.0, 1.0, 1.0, 25.0, 655270.0, 30.0, 13.0, 6.0, 6.0, 0.0, 0.0, 0.0, 1.0, 1.0], "bins": [-0.009612173773348331, -0.009434953331947327, -0.009257732890546322, -0.009080512449145317, -0.008903291076421738, -0.008726070635020733, -0.008548850193619728, -0.008371629752218723, -0.008194409310817719, -0.008017188869416714, -0.007839968428015709, -0.007662747520953417, -0.007485527079552412, -0.007308306638151407, -0.007131085731089115, -0.00695386528968811, -0.0067766448482871056, -0.006599424406886101, -0.006422203965485096, -0.006244983058422804, -0.006067762617021799, -0.005890542175620794, -0.005713321268558502, -0.005536100827157497, -0.005358880385756493, -0.005181659944355488, -0.005004439502954483, -0.004827218595892191, -0.004649998154491186, -0.004472777713090181, -0.004295556806027889, -0.0041183363646268845, -0.00394111592322588, -0.003763895481824875, -0.00358667504042387, -0.003409454133361578, -0.003232233691960573, -0.0030550132505595684, -0.0028777923434972763, -0.0027005719020962715, -0.0025233514606952667, -0.002346131019294262, -0.00216891011223197, -0.001991689670830965, -0.0018144691130146384, -0.0016372486716136336, -0.0014600279973819852, -0.0012828073231503367, -0.001105586881749332, -0.0009283664403483272, -0.0007511457661166787, -0.0005739250918850303, -0.0003967046504840255, -0.00021948409266769886, -4.226353485137224e-05, 0.00013495702296495438, 0.000312177580781281, 0.0004893981385976076, 0.0006666186964139342, 0.0008438392542302608, 0.0010210598120465875, 0.001198280369862914, 0.0013755009276792407, 0.0015527214854955673, 0.001729942043311894]}, "gradients/critic.critic.2.bias": {"_type": "histogram", "values": [1.0, 0.0, 0.0, 0.0, 0.0, 0.0, 0.0, 0.0, 0.0, 0.0, 0.0, 0.0, 0.0, 0.0, 0.0, 0.0, 0.0, 0.0, 0.0, 0.0, 0.0, 0.0, 0.0, 0.0, 0.0, 0.0, 0.0, 0.0, 0.0, 0.0, 0.0, 0.0, 0.0, 0.0, 0.0, 0.0, 0.0, 0.0, 0.0, 0.0, 0.0, 0.0, 0.0, 0.0, 0.0, 0.0, 0.0, 0.0, 0.0, 0.0, 0.0, 0.0, 0.0, 0.0, 1.0, 1.0, 0.0, 1.0, 2553.0, 2.0, 0.0, 0.0, 0.0, 1.0],