{"var_RobustEDAC_train_var": 2.5000000000000018, "var_RobustEDAC_train_mean": 2.5000000000000018, "var_RobustEDAC_test_mean": 2.5000000000000018, "var_RobustEDAC_sim_mean": 500.0, "var_RobustEDAC_sim_var": 500.0, "_timestamp": 1724177214.0942552, "_runtime": 150.98208022117615, "_step": 11, "var_EDAC_train_var": 2.5000000000000018, "var_EDAC_train_mean": 2.5000000000000018, "var_EDAC_test_mean": 2.5000000000000018, "var_EDAC_sim_mean": 500.0, "var_EDAC_sim_var": 500.0, "asymptoticvar_train_var": 14.840955704134519, "asymptoticvar_train_mean": 11.346425796618005, "asymptoticvar_test_mean": 10.395447143643324, "asymptoticvar_sim_mean": 485.4953985812955, "asymptoticvar_sim_var": 500.0, "var_train_var": 14.840955704134519, "var_train_mean": 11.346425796618005, "var_test_mean": 10.395447143643324, "var_sim_mean": 480.93966670684557, "var_sim_var": 500.0, "cvar_train_var": 14.840955704134519, "cvar_train_mean": 11.346425796618005, "cvar_test_mean": 10.395447143643324, "cvar_sim_mean": 483.4118840929092, "cvar_sim_var": 500.0, "softrobust_train_var": 15.66207574387357, "softrobust_train_mean": 11.742288583158345, "softrobust_test_mean": 10.598331930539862, "softrobust_sim_mean": 461.66577539987736, "softrobust_sim_var": 500.0, "worstrobust_train_var": 14.840955704134519, "worstrobust_train_mean": 11.346425796618005, "worstrobust_test_mean": 10.395447143643324, "worstrobust_sim_mean": 484.667992785941, "worstrobust_sim_var": 500.0, "naive_bcr_l1_train_var": 14.840955704134519, "naive_bcr_l1_train_mean": 11.346425796618005, "naive_bcr_l1_test_mean": 10.395447143643324, "naive_bcr_l1_sim_mean": 481.3483696045228, "naive_bcr_l1_sim_var": 500.0, "weighted_bcr_l1_train_var": 14.840955704134519, "weighted_bcr_l1_train_mean": 11.346425796618005, "weighted_bcr_l1_test_mean": 10.395447143643324, "weighted_bcr_l1_sim_mean": 486.30780437665004, "weighted_bcr_l1_sim_var": 500.0, "naive_bcr_linf_train_var": 14.840955704134519, "naive_bcr_linf_train_mean": 11.346425796618005, "naive_bcr_linf_test_mean": 10.395447143643324, "naive_bcr_linf_sim_mean": 475.15282613936375, "naive_bcr_linf_sim_var": 500.0, "weighted_bcr_linf_train_var": 14.840955704134519, "weighted_bcr_linf_train_mean": 11.346425796618005, "weighted_bcr_linf_test_mean": 10.395447143643324, "weighted_bcr_linf_sim_mean": 477.63004352542737, "weighted_bcr_linf_sim_var": 500.0, "true_model_train_var": 15.66207574387357, "true_model_train_mean": 11.742288583158345, "true_model_test_mean": 10.598331930539862, "true_model_sim_mean": 455.3161522184592, "true_model_sim_var": 500.0, "_wandb": {"runtime": 150}}