{"var_RobustEDAC_train_var": 2.5000000000000018, "var_RobustEDAC_train_mean": 2.5000000000000018, "var_RobustEDAC_test_mean": 2.5000000000000018, "var_RobustEDAC_sim_mean": 500.0, "var_RobustEDAC_sim_var": 500.0, "_timestamp": 1724178310.743742, "_runtime": 240.8422830104828, "_step": 11, "var_EDAC_train_var": 2.5000000000000018, "var_EDAC_train_mean": 2.5000000000000018, "var_EDAC_test_mean": 2.5000000000000018, "var_EDAC_sim_mean": 500.0, "var_EDAC_sim_var": 500.0, "asymptoticvar_train_var": 10.395447143643324, "asymptoticvar_train_mean": 8.170053604335969, "asymptoticvar_test_mean": 4.532427558068235, "asymptoticvar_sim_mean": 480.9296667068455, "asymptoticvar_sim_var": 500.0, "var_train_var": 10.395447143643324, "var_train_mean": 8.170053604335969, "var_test_mean": 4.532427558068235, "var_sim_mean": 480.5259638091683, "var_sim_var": 500.0, "cvar_train_var": 10.395447143643324, "cvar_train_mean": 8.170053604335969, "cvar_test_mean": 4.532427558068235, "cvar_sim_mean": 485.8941014789728, "cvar_sim_var": 500.0, "softrobust_train_var": 10.395447143643324, "softrobust_train_mean": 8.170053604335969, "softrobust_test_mean": 4.532427558068235, "softrobust_sim_mean": 483.8205869905865, "softrobust_sim_var": 500.0, "worstrobust_train_var": 10.395447143643324, "worstrobust_train_mean": 8.170053604335969, "worstrobust_test_mean": 4.532427558068235, "worstrobust_sim_mean": 484.24428988826367, "worstrobust_sim_var": 500.0, "naive_bcr_l1_train_var": 10.395447143643324, "naive_bcr_l1_train_mean": 8.170053604335969, "naive_bcr_l1_test_mean": 4.532427558068235, "naive_bcr_l1_sim_mean": 485.89410147897274, "naive_bcr_l1_sim_var": 500.0, "weighted_bcr_l1_train_var": 10.395447143643324, "weighted_bcr_l1_train_mean": 8.170053604335969, "weighted_bcr_l1_test_mean": 4.532427558068235, "weighted_bcr_l1_sim_mean": 479.27985511613645, "weighted_bcr_l1_sim_var": 500.0, "naive_bcr_linf_train_var": 10.395447143643324, "naive_bcr_linf_train_mean": 8.170053604335969, "naive_bcr_linf_test_mean": 4.532427558068235, "naive_bcr_linf_sim_mean": 482.17077539987736, "naive_bcr_linf_sim_var": 500.0, "weighted_bcr_linf_train_var": 10.395447143643324, "weighted_bcr_linf_train_mean": 8.170053604335969, "weighted_bcr_linf_test_mean": 4.532427558068235, "weighted_bcr_linf_sim_mean": 483.82558699058643, "weighted_bcr_linf_sim_var": 500.0, "true_model_train_var": 10.395447143643324, "true_model_train_mean": 8.170053604335969, "true_model_test_mean": 4.532427558068235, "true_model_sim_mean": 482.98818119523185, "true_model_sim_var": 500.0, "_wandb": {"runtime": 239}}