{"var_RobustEDAC_train_var": -5.097182354557317, "var_RobustEDAC_train_mean": -5.323545728739974, "var_RobustEDAC_test_mean": -5.388186196347307, "var_RobustEDAC_sim_mean": -58.784, "var_RobustEDAC_sim_var": 0.0, "_timestamp": 1724142440.6244302, "_runtime": 52.41915225982666, "_step": 11, "var_EDAC_train_var": -4.704839747495402, "var_EDAC_train_mean": -4.878615659761482, "var_EDAC_test_mean": -5.039913467435569, "var_EDAC_sim_mean": -94.742, "var_EDAC_sim_var": 0.0, "asymptoticvar_train_var": -4.523407225910618, "asymptoticvar_train_mean": -4.612578545858504, "asymptoticvar_test_mean": -4.857058946625342, "asymptoticvar_sim_mean": -95.138, "asymptoticvar_sim_var": 0.0, "var_train_var": -4.528706269888618, "var_train_mean": -4.633850319094741, "var_test_mean": -4.88444142994913, "var_sim_mean": -129.218, "var_sim_var": 0.0, "cvar_train_var": -4.528706269888618, "cvar_train_mean": -4.633850319094741, "cvar_test_mean": -4.88444142994913, "cvar_sim_mean": -123.546, "cvar_sim_var": 0.0, "softrobust_train_var": -4.293115093201246, "softrobust_train_mean": -4.447203831816368, "softrobust_test_mean": -4.694235088112744, "softrobust_sim_mean": -95.828, "softrobust_sim_var": 0.0, "worstrobust_train_var": -4.528706269888618, "worstrobust_train_mean": -4.633850319094741, "worstrobust_test_mean": -4.88444142994913, "worstrobust_sim_mean": -125.688, "worstrobust_sim_var": 0.0, "naive_bcr_l1_train_var": -5.200000000000004, "naive_bcr_l1_train_mean": -5.200000000000004, "naive_bcr_l1_test_mean": -5.200000000000004, "naive_bcr_l1_sim_mean": -100.332, "naive_bcr_l1_sim_var": 0.0, "weighted_bcr_l1_train_var": -5.200000000000004, "weighted_bcr_l1_train_mean": -5.200000000000004, "weighted_bcr_l1_test_mean": -5.200000000000004, "weighted_bcr_l1_sim_mean": -103.064, "weighted_bcr_l1_sim_var": -2.0, "naive_bcr_linf_train_var": -5.200000000000004, "naive_bcr_linf_train_mean": -5.200000000000004, "naive_bcr_linf_test_mean": -5.200000000000004, "naive_bcr_linf_sim_mean": -102.41, "naive_bcr_linf_sim_var": 0.0, "weighted_bcr_linf_train_var": -5.200000000000004, "weighted_bcr_linf_train_mean": -5.200000000000004, "weighted_bcr_linf_test_mean": -5.200000000000004, "weighted_bcr_linf_sim_mean": -97.3, "weighted_bcr_linf_sim_var": 0.0, "true_model_train_var": -4.293115093201246, "true_model_train_mean": -4.447203831816368, "true_model_test_mean": -4.694235088112744, "true_model_sim_mean": -102.216, "true_model_sim_var": 0.0, "_wandb": {"runtime": 49}}