{"var_RobustEDAC_train_var": 2.5000000000000018, "var_RobustEDAC_train_mean": 2.5000000000000018, "var_RobustEDAC_test_mean": 2.5000000000000018, "var_RobustEDAC_sim_mean": 500.0, "var_RobustEDAC_sim_var": 500.0, "_timestamp": 1724180701.937717, "_runtime": 134.8503348827362, "_step": 11, "var_EDAC_train_var": 2.5000000000000018, "var_EDAC_train_mean": 2.5000000000000018, "var_EDAC_test_mean": 2.5000000000000018, "var_EDAC_sim_mean": 500.0, "var_EDAC_sim_var": 500.0, "asymptoticvar_train_var": 8.744241177136223, "asymptoticvar_train_mean": 6.729846446086522, "asymptoticvar_test_mean": 6.653492296983335, "asymptoticvar_sim_mean": 480.9446667068455, "asymptoticvar_sim_var": 500.0, "var_train_var": 8.744241177136223, "var_train_mean": 6.729846446086522, "var_test_mean": 6.653492296983335, "var_sim_mean": 480.9346667068455, "var_sim_var": 500.0, "cvar_train_var": 8.744241177136223, "cvar_train_mean": 6.729846446086522, "cvar_test_mean": 6.653492296983335, "cvar_sim_mean": 480.91466670684554, "cvar_sim_var": 500.0, "softrobust_train_var": 8.87259953943443, "softrobust_train_mean": 6.759141719717349, "softrobust_test_mean": 6.682416512886925, "softrobust_sim_mean": 457.81336960452285, "softrobust_sim_var": 500.0, "worstrobust_train_var": 8.744241177136223, "worstrobust_train_mean": 6.729846446086522, "worstrobust_test_mean": 6.653492296983335, "worstrobust_sim_mean": 479.2798551161365, "worstrobust_sim_var": 500.0, "naive_bcr_l1_train_var": 8.744241177136223, "naive_bcr_l1_train_mean": 6.729846446086522, "naive_bcr_l1_test_mean": 6.653492296983335, "naive_bcr_l1_sim_mean": 482.9881811952319, "naive_bcr_l1_sim_var": 500.0, "weighted_bcr_l1_train_var": 8.744241177136223, "weighted_bcr_l1_train_mean": 6.729846446086522, "weighted_bcr_l1_test_mean": 6.653492296983335, "weighted_bcr_l1_sim_mean": 481.31836960452284, "weighted_bcr_l1_sim_var": 500.0, "naive_bcr_linf_train_var": 8.744241177136223, "naive_bcr_linf_train_mean": 6.729846446086522, "naive_bcr_linf_test_mean": 6.653492296983335, "naive_bcr_linf_sim_mean": 478.4674493207819, "naive_bcr_linf_sim_var": 500.0, "weighted_bcr_linf_train_var": 8.744241177136223, "weighted_bcr_linf_train_mean": 6.729846446086522, "weighted_bcr_linf_test_mean": 6.653492296983335, "weighted_bcr_linf_sim_mean": 478.4524493207819, "weighted_bcr_linf_sim_var": 500.0, "true_model_train_var": 8.87259953943443, "true_model_train_mean": 6.759141719717349, "true_model_test_mean": 6.682416512886925, "true_model_sim_mean": 451.042260911491, "true_model_sim_var": 500.0, "_wandb": {"runtime": 133}}