{"var_RobustEDAC_train_var": 9.063594260178236, "var_RobustEDAC_train_mean": 6.6697608129702255, "var_RobustEDAC_test_mean": 5.081811913357384, "var_RobustEDAC_sim_mean": 59.67852939865091, "var_RobustEDAC_sim_var": 91.2971023227292, "_timestamp": 1724145505.5637178, "_runtime": 119.29222393035889, "_step": 11, "var_EDAC_train_var": 8.584566714757772, "var_EDAC_train_mean": 6.189073715361128, "var_EDAC_test_mean": 4.625733372499235, "var_EDAC_sim_mean": 114.82005903837506, "var_EDAC_sim_var": 345.1884092909168, "asymptoticvar_train_var": 10.805319532442308, "asymptoticvar_train_mean": 8.353612172578877, "asymptoticvar_test_mean": 6.653492296983335, "asymptoticvar_sim_mean": 57.78473199498661, "asymptoticvar_sim_var": 115.0, "var_train_var": 10.805319532442308, "var_train_mean": 8.353612172578877, "var_test_mean": 6.653492296983335, "var_sim_mean": 63.9449639297049, "var_sim_var": 130.0, "cvar_train_var": 10.805319532442308, "cvar_train_mean": 8.353612172578877, "cvar_test_mean": 6.653492296983335, "cvar_sim_mean": 60.23253637163667, "cvar_sim_var": 130.0, "softrobust_train_var": 11.01654713656355, "softrobust_train_mean": 8.435795545370105, "softrobust_test_mean": 6.528771522597632, "softrobust_sim_mean": 95.11210917517832, "softrobust_sim_var": 172.5942046454584, "worstrobust_train_var": 10.805319532442308, "worstrobust_train_mean": 8.353612172578877, "worstrobust_test_mean": 6.653492296983335, "worstrobust_sim_mean": 65.48387699938678, "worstrobust_sim_var": 130.0, "naive_bcr_l1_train_var": 10.805319532442308, "naive_bcr_l1_train_mean": 8.353612172578877, "naive_bcr_l1_test_mean": 6.653492296983335, "naive_bcr_l1_sim_mean": 76.35302200378695, "naive_bcr_l1_sim_var": 145.0, "weighted_bcr_l1_train_var": 10.805319532442308, "weighted_bcr_l1_train_mean": 8.353612172578877, "weighted_bcr_l1_test_mean": 6.653492296983335, "weighted_bcr_l1_sim_mean": 61.77307983679573, "weighted_bcr_l1_sim_var": 125.0, "naive_bcr_linf_train_var": 10.805319532442308, "naive_bcr_linf_train_mean": 8.353612172578877, "naive_bcr_linf_test_mean": 6.653492296983335, "naive_bcr_linf_sim_mean": 67.22479728312767, "naive_bcr_linf_sim_var": 135.0, "weighted_bcr_linf_train_var": 10.805319532442308, "weighted_bcr_linf_train_mean": 8.353612172578877, "weighted_bcr_linf_test_mean": 6.653492296983335, "weighted_bcr_linf_sim_mean": 70.40594950158686, "weighted_bcr_linf_sim_var": 135.0, "true_model_train_var": 11.01654713656355, "true_model_train_mean": 8.435795545370105, "true_model_test_mean": 6.528771522597632, "true_model_sim_mean": 89.33076854742822, "true_model_sim_var": 165.0, "_wandb": {"runtime": 118}}