{"var_RobustEDAC_train_var": 13.501210334623147, "var_RobustEDAC_train_mean": 9.990410120724977, "var_RobustEDAC_test_mean": 8.846059196859962, "var_RobustEDAC_sim_mean": 65.56158747273295, "var_RobustEDAC_sim_var": 91.2971023227292, "_timestamp": 1724143261.493498, "_runtime": 131.67637014389038, "_step": 11, "var_EDAC_train_var": 12.965778136848895, "var_EDAC_train_mean": 9.299121427116019, "var_EDAC_test_mean": 8.247950050442148, "var_EDAC_sim_mean": 121.75908092162541, "var_EDAC_sim_var": 355.1884092909168, "asymptoticvar_train_var": 14.840955704134519, "asymptoticvar_train_mean": 11.7479013596839, "asymptoticvar_test_mean": 10.395447143643324, "asymptoticvar_sim_mean": 65.43644944131854, "asymptoticvar_sim_var": 125.0, "var_train_var": 14.840955704134519, "var_train_mean": 11.7479013596839, "var_test_mean": 10.395447143643324, "var_sim_mean": 65.57942046454583, "var_sim_var": 125.0, "cvar_train_var": 14.840955704134519, "cvar_train_mean": 11.7479013596839, "cvar_test_mean": 10.395447143643324, "cvar_sim_mean": 64.6660726227367, "cvar_sim_var": 135.0, "softrobust_train_var": 16.069954357009536, "softrobust_train_mean": 12.179999275685962, "softrobust_test_mean": 10.598331930539862, "softrobust_sim_mean": 86.1844496823918, "softrobust_sim_var": 160.0, "worstrobust_train_var": 14.840955704134519, "worstrobust_train_mean": 11.7479013596839, "worstrobust_test_mean": 10.395447143643324, "worstrobust_sim_mean": 65.10163785060946, "worstrobust_sim_var": 120.0, "naive_bcr_l1_train_var": 14.840955704134519, "naive_bcr_l1_train_mean": 11.7479013596839, "naive_bcr_l1_test_mean": 10.395447143643324, "naive_bcr_l1_sim_mean": 63.330507394863965, "naive_bcr_l1_sim_var": 130.0, "weighted_bcr_l1_train_var": 14.840955704134519, "weighted_bcr_l1_train_mean": 11.7479013596839, "weighted_bcr_l1_test_mean": 10.395447143643324, "weighted_bcr_l1_sim_mean": 61.90753637163667, "weighted_bcr_l1_sim_var": 125.0, "naive_bcr_linf_train_var": 14.840955704134519, "naive_bcr_linf_train_mean": 11.7479013596839, "naive_bcr_linf_test_mean": 10.395447143643324, "naive_bcr_linf_sim_mean": 68.43555092029133, "naive_bcr_linf_sim_var": 135.0, "weighted_bcr_linf_train_var": 14.840955704134519, "weighted_bcr_linf_train_mean": 11.7479013596839, "weighted_bcr_linf_test_mean": 10.395447143643324, "weighted_bcr_linf_sim_mean": 63.33144944131855, "weighted_bcr_linf_sim_var": 120.0, "true_model_train_var": 16.069954357009536, "true_model_train_mean": 12.179999275685962, "true_model_test_mean": 10.598331930539862, "true_model_sim_mean": 95.8882613936375, "true_model_sim_var": 155.0, "_wandb": {"runtime": 130}}