{"var_RobustEDAC_train_var": -5.112835809519693, "var_RobustEDAC_train_mean": -5.342721602736736, "var_RobustEDAC_test_mean": -5.2053066777303485, "var_RobustEDAC_sim_mean": -65.246, "var_RobustEDAC_sim_var": 0.0, "_timestamp": 1724142603.245482, "_runtime": 53.52824807167053, "_step": 11, "var_EDAC_train_var": -4.756103858664268, "var_EDAC_train_mean": -4.903147507073823, "var_EDAC_test_mean": -5.031745028171733, "var_EDAC_sim_mean": -95.026, "var_EDAC_sim_var": 0.0, "asymptoticvar_train_var": -4.386619060187172, "asymptoticvar_train_mean": -4.456246789966176, "asymptoticvar_test_mean": -4.931820069129971, "asymptoticvar_sim_mean": -96.814, "asymptoticvar_sim_var": 0.0, "var_train_var": -4.386619060187172, "var_train_mean": -4.456246789966176, "var_test_mean": -4.931820069129971, "var_sim_mean": -95.836, "var_sim_var": 0.0, "cvar_train_var": -4.592612497053061, "cvar_train_mean": -4.659107427074844, "cvar_test_mean": -4.95700451870026, "cvar_sim_mean": -116.35, "cvar_sim_var": 0.0, "softrobust_train_var": -4.262240872553699, "softrobust_train_mean": -4.440274576751873, "softrobust_test_mean": -4.872016411176091, "softrobust_sim_mean": -102.772, "softrobust_sim_var": 0.0, "worstrobust_train_var": -4.450572916535665, "worstrobust_train_mean": -4.52329928618519, "worstrobust_test_mean": -4.95700451870026, "worstrobust_sim_mean": -110.732, "worstrobust_sim_var": 0.0, "naive_bcr_l1_train_var": -5.200000000000004, "naive_bcr_l1_train_mean": -5.200000000000004, "naive_bcr_l1_test_mean": -5.200000000000004, "naive_bcr_l1_sim_mean": -100.896, "naive_bcr_l1_sim_var": 0.0, "weighted_bcr_l1_train_var": -5.200000000000004, "weighted_bcr_l1_train_mean": -5.200000000000004, "weighted_bcr_l1_test_mean": -5.200000000000004, "weighted_bcr_l1_sim_mean": -104.59, "weighted_bcr_l1_sim_var": -2.0, "naive_bcr_linf_train_var": -5.200000000000004, "naive_bcr_linf_train_mean": -5.200000000000004, "naive_bcr_linf_test_mean": -5.200000000000004, "naive_bcr_linf_sim_mean": -103.022, "naive_bcr_linf_sim_var": 0.0, "weighted_bcr_linf_train_var": -5.200000000000004, "weighted_bcr_linf_train_mean": -5.200000000000004, "weighted_bcr_linf_test_mean": -5.200000000000004, "weighted_bcr_linf_sim_mean": -102.43, "weighted_bcr_linf_sim_var": 0.0, "true_model_train_var": -4.262240872553699, "true_model_train_mean": -4.440274576751873, "true_model_test_mean": -4.872016411176091, "true_model_sim_mean": -91.458, "true_model_sim_var": 0.0, "_wandb": {"runtime": 52}}