{"var_RobustEDAC_train_var": -5.752185590257232, "var_RobustEDAC_train_mean": -5.947627526704179, "var_RobustEDAC_test_mean": -5.670890930964279, "var_RobustEDAC_sim_mean": -57.038, "var_RobustEDAC_sim_var": 0.0, "_timestamp": 1724142708.0028958, "_runtime": 55.48446989059448, "_step": 11, "var_EDAC_train_var": -5.338014409447603, "var_EDAC_train_mean": -5.440826477586966, "var_EDAC_test_mean": -5.264400197707201, "var_EDAC_sim_mean": -83.136, "var_EDAC_sim_var": 0.0, "asymptoticvar_train_var": -4.942665869346446, "asymptoticvar_train_mean": -5.004781260772984, "asymptoticvar_test_mean": -5.09223300970874, "asymptoticvar_sim_mean": -100.958, "asymptoticvar_sim_var": 0.0, "var_train_var": -4.942665869346446, "var_train_mean": -5.004781260772984, "var_test_mean": -5.09223300970874, "var_sim_mean": -107.578, "var_sim_var": 0.0, "cvar_train_var": -4.942665869346446, "cvar_train_mean": -5.004781260772984, "cvar_test_mean": -5.09223300970874, "cvar_sim_mean": -107.19, "cvar_sim_var": 0.0, "softrobust_train_var": -4.743864631438642, "softrobust_train_mean": -4.831642686911104, "softrobust_test_mean": -5.016747644227567, "softrobust_sim_mean": -87.484, "softrobust_sim_var": 0.0, "worstrobust_train_var": -4.942665869346446, "worstrobust_train_mean": -5.004781260772984, "worstrobust_test_mean": -5.09223300970874, "worstrobust_sim_mean": -102.918, "worstrobust_sim_var": 0.0, "naive_bcr_l1_train_var": -5.200000000000004, "naive_bcr_l1_train_mean": -5.200000000000004, "naive_bcr_l1_test_mean": -5.200000000000004, "naive_bcr_l1_sim_mean": -122.566, "naive_bcr_l1_sim_var": 0.0, "weighted_bcr_l1_train_var": -5.200000000000004, "weighted_bcr_l1_train_mean": -5.200000000000004, "weighted_bcr_l1_test_mean": -5.200000000000004, "weighted_bcr_l1_sim_mean": -127.49, "weighted_bcr_l1_sim_var": 0.0, "naive_bcr_linf_train_var": -5.200000000000004, "naive_bcr_linf_train_mean": -5.200000000000004, "naive_bcr_linf_test_mean": -5.200000000000004, "naive_bcr_linf_sim_mean": -124.48, "naive_bcr_linf_sim_var": 0.0, "weighted_bcr_linf_train_var": -5.200000000000004, "weighted_bcr_linf_train_mean": -5.200000000000004, "weighted_bcr_linf_test_mean": -5.200000000000004, "weighted_bcr_linf_sim_mean": -138.07, "weighted_bcr_linf_sim_var": 0.0, "true_model_train_var": -5.771230023522037, "true_model_train_mean": -6.2430450337233, "true_model_test_mean": -5.452701234113355, "true_model_sim_mean": -86.258, "true_model_sim_var": -2.0, "_wandb": {"runtime": 53}}