{"var_RobustEDAC_train_var": -5.225901002363026, "var_RobustEDAC_train_mean": -5.474439675373705, "var_RobustEDAC_test_mean": -5.232619300717607, "var_RobustEDAC_sim_mean": -65.252, "var_RobustEDAC_sim_var": 0.0, "_timestamp": 1724142482.5814028, "_runtime": 36.4633047580719, "_step": 11, "var_EDAC_train_var": -4.895751850962715, "var_EDAC_train_mean": -5.054047994445337, "var_EDAC_test_mean": -5.07108811878011, "var_EDAC_sim_mean": -95.104, "var_EDAC_sim_var": 0.0, "asymptoticvar_train_var": -4.580178105515883, "asymptoticvar_train_mean": -4.6443106450175655, "asymptoticvar_test_mean": -4.931820069129971, "asymptoticvar_sim_mean": -85.842, "asymptoticvar_sim_var": 0.0, "var_train_var": -4.580178105515883, "var_train_mean": -4.6443106450175655, "var_test_mean": -4.931820069129971, "var_sim_mean": -89.234, "var_sim_var": 0.0, "cvar_train_var": -4.630382769497449, "cvar_train_mean": -4.706338864009105, "cvar_test_mean": -4.95700451870026, "cvar_sim_mean": -96.868, "cvar_sim_var": 0.0, "softrobust_train_var": -4.33630140331967, "softrobust_train_mean": -4.61896182717116, "softrobust_test_mean": -4.872016411176091, "softrobust_sim_mean": -89.056, "softrobust_sim_var": 0.0, "worstrobust_train_var": -4.630382769497449, "worstrobust_train_mean": -4.706338864009105, "worstrobust_test_mean": -4.95700451870026, "worstrobust_sim_mean": -85.626, "worstrobust_sim_var": 0.0, "naive_bcr_l1_train_var": -5.200000000000004, "naive_bcr_l1_train_mean": -5.200000000000004, "naive_bcr_l1_test_mean": -5.200000000000004, "naive_bcr_l1_sim_mean": -121.006, "naive_bcr_l1_sim_var": 0.0, "weighted_bcr_l1_train_var": -5.200000000000004, "weighted_bcr_l1_train_mean": -5.200000000000004, "weighted_bcr_l1_test_mean": -5.200000000000004, "weighted_bcr_l1_sim_mean": -121.016, "weighted_bcr_l1_sim_var": 0.0, "naive_bcr_linf_train_var": -5.200000000000004, "naive_bcr_linf_train_mean": -5.200000000000004, "naive_bcr_linf_test_mean": -5.200000000000004, "naive_bcr_linf_sim_mean": -125.446, "naive_bcr_linf_sim_var": 0.0, "weighted_bcr_linf_train_var": -5.200000000000004, "weighted_bcr_linf_train_mean": -5.200000000000004, "weighted_bcr_linf_test_mean": -5.200000000000004, "weighted_bcr_linf_sim_mean": -124.122, "weighted_bcr_linf_sim_var": 0.0, "true_model_train_var": -4.33630140331967, "true_model_train_mean": -4.61896182717116, "true_model_test_mean": -4.872016411176091, "true_model_sim_mean": -79.138, "true_model_sim_var": 0.0, "_wandb": {"runtime": 31}}