{"var_RobustEDAC_train_var": 10.862228516719846, "var_RobustEDAC_train_mean": 8.459332845478832, "var_RobustEDAC_test_mean": 5.7957605860602355, "var_RobustEDAC_sim_mean": 66.43434832395563, "var_RobustEDAC_sim_var": 96.2971023227292, "_timestamp": 1724145379.971285, "_runtime": 114.55139017105103, "_step": 11, "var_EDAC_train_var": 9.774100114836706, "var_EDAC_train_mean": 7.264305971266689, "var_EDAC_test_mean": 4.991628147832148, "var_EDAC_sim_mean": 129.68299399130728, "var_EDAC_sim_var": 431.485511613646, "asymptoticvar_train_var": 14.879708120783462, "asymptoticvar_train_mean": 12.664093866277288, "asymptoticvar_test_mean": 8.56210762798969, "asymptoticvar_sim_mean": 57.78473199498661, "asymptoticvar_sim_var": 115.0, "var_train_var": 14.879708120783462, "var_train_mean": 12.664093866277288, "var_test_mean": 8.56210762798969, "var_sim_mean": 63.9449639297049, "var_sim_var": 130.0, "cvar_train_var": 14.879708120783462, "cvar_train_mean": 12.664093866277288, "cvar_test_mean": 8.56210762798969, "cvar_sim_mean": 60.23253637163667, "cvar_sim_var": 130.0, "softrobust_train_var": 15.01529249362849, "softrobust_train_mean": 12.73061619271899, "softrobust_test_mean": 8.442282431600326, "softrobust_sim_mean": 95.11210917517832, "softrobust_sim_var": 172.5942046454584, "worstrobust_train_var": 14.879708120783462, "worstrobust_train_mean": 12.664093866277288, "worstrobust_test_mean": 8.56210762798969, "worstrobust_sim_mean": 65.48387699938678, "worstrobust_sim_var": 130.0, "naive_bcr_l1_train_var": 14.879708120783462, "naive_bcr_l1_train_mean": 12.664093866277288, "naive_bcr_l1_test_mean": 8.56210762798969, "naive_bcr_l1_sim_mean": 76.35302200378695, "naive_bcr_l1_sim_var": 145.0, "weighted_bcr_l1_train_var": 14.879708120783462, "weighted_bcr_l1_train_mean": 12.664093866277288, "weighted_bcr_l1_test_mean": 8.56210762798969, "weighted_bcr_l1_sim_mean": 61.77307983679573, "weighted_bcr_l1_sim_var": 125.0, "naive_bcr_linf_train_var": 14.460520978232614, "naive_bcr_linf_train_mean": 12.119228479155154, "naive_bcr_linf_test_mean": 8.09743068732343, "naive_bcr_linf_sim_mean": 56.54479728312767, "naive_bcr_linf_sim_var": 110.0, "weighted_bcr_linf_train_var": 14.677641666356038, "weighted_bcr_linf_train_mean": 12.455772824245434, "weighted_bcr_linf_test_mean": 8.319298120068616, "weighted_bcr_linf_sim_mean": 64.00594950158685, "weighted_bcr_linf_sim_var": 120.0, "true_model_train_var": 15.01529249362849, "true_model_train_mean": 12.73061619271899, "true_model_test_mean": 8.442282431600326, "true_model_sim_mean": 89.33076854742822, "true_model_sim_var": 165.0, "_wandb": {"runtime": 113}}