{"var_RobustEDAC_train_var": -5.197683495998442, "var_RobustEDAC_train_mean": -5.431507734589797, "var_RobustEDAC_test_mean": -5.290651668295575, "var_RobustEDAC_sim_mean": -60.11, "var_RobustEDAC_sim_var": 0.0, "_timestamp": 1724142144.1338298, "_runtime": 29.652708768844604, "_step": 11, "var_EDAC_train_var": -4.818662860311752, "var_EDAC_train_mean": -4.907147227711469, "var_EDAC_test_mean": -5.0977369342326675, "var_EDAC_sim_mean": -91.786, "var_EDAC_sim_var": 0.0, "asymptoticvar_train_var": -4.588499184259104, "asymptoticvar_train_mean": -4.652335271910781, "asymptoticvar_test_mean": -4.9034851945920295, "asymptoticvar_sim_mean": -97.03, "asymptoticvar_sim_var": 0.0, "var_train_var": -4.588499184259104, "var_train_mean": -4.652335271910781, "var_test_mean": -4.9034851945920295, "var_sim_mean": -108.544, "var_sim_var": 0.0, "cvar_train_var": -4.588499184259104, "cvar_train_mean": -4.652335271910781, "cvar_test_mean": -4.9034851945920295, "cvar_sim_mean": -92.546, "cvar_sim_var": 0.0, "softrobust_train_var": -4.2376429179794695, "softrobust_train_mean": -4.391750782215729, "softrobust_test_mean": -4.878675327144718, "softrobust_sim_mean": -90.17, "softrobust_sim_var": 0.0, "worstrobust_train_var": -4.588499184259104, "worstrobust_train_mean": -4.652335271910781, "worstrobust_test_mean": -4.9034851945920295, "worstrobust_sim_mean": -92.986, "worstrobust_sim_var": 0.0, "naive_bcr_l1_train_var": -5.200000000000004, "naive_bcr_l1_train_mean": -5.200000000000004, "naive_bcr_l1_test_mean": -5.200000000000004, "naive_bcr_l1_sim_mean": -116.856, "naive_bcr_l1_sim_var": 0.0, "weighted_bcr_l1_train_var": -5.200000000000004, "weighted_bcr_l1_train_mean": -5.200000000000004, "weighted_bcr_l1_test_mean": -5.200000000000004, "weighted_bcr_l1_sim_mean": -122.356, "weighted_bcr_l1_sim_var": 0.0, "naive_bcr_linf_train_var": -5.200000000000004, "naive_bcr_linf_train_mean": -5.200000000000004, "naive_bcr_linf_test_mean": -5.200000000000004, "naive_bcr_linf_sim_mean": -122.612, "naive_bcr_linf_sim_var": 0.0, "weighted_bcr_linf_train_var": -5.200000000000004, "weighted_bcr_linf_train_mean": -5.200000000000004, "weighted_bcr_linf_test_mean": -5.200000000000004, "weighted_bcr_linf_sim_mean": -107.952, "weighted_bcr_linf_sim_var": 0.0, "true_model_train_var": -4.2376429179794695, "true_model_train_mean": -4.391750782215729, "true_model_test_mean": -4.878675327144718, "true_model_sim_mean": -90.914, "true_model_sim_var": 0.0, "_wandb": {"runtime": 27}}