{"var_RobustEDAC_train_var": -5.382061531500503, "var_RobustEDAC_train_mean": -5.568584342700182, "var_RobustEDAC_test_mean": -5.439240260606893, "var_RobustEDAC_sim_mean": -67.664, "var_RobustEDAC_sim_var": 0.0, "_timestamp": 1724141836.6953, "_runtime": 29.73912501335144, "_step": 11, "var_EDAC_train_var": -4.822333075273297, "var_EDAC_train_mean": -4.912628895646204, "var_EDAC_test_mean": -5.061910182105564, "var_EDAC_sim_mean": -99.736, "var_EDAC_sim_var": 0.0, "asymptoticvar_train_var": -4.226726245471893, "asymptoticvar_train_mean": -4.364832418980109, "asymptoticvar_test_mean": -4.876118382308619, "asymptoticvar_sim_mean": -95.726, "asymptoticvar_sim_var": 0.0, "var_train_var": -4.226726245471893, "var_train_mean": -4.364832418980109, "var_test_mean": -4.876118382308619, "var_sim_mean": -89.158, "var_sim_var": 0.0, "cvar_train_var": -4.299215338989232, "cvar_train_mean": -4.43853214102898, "cvar_test_mean": -4.909390232933102, "cvar_sim_mean": -97.928, "cvar_sim_var": 0.0, "softrobust_train_var": -4.226726245471893, "softrobust_train_mean": -4.364832418980109, "softrobust_test_mean": -4.876118382308619, "softrobust_sim_mean": -81.386, "softrobust_sim_var": 0.0, "worstrobust_train_var": -4.299215338989232, "worstrobust_train_mean": -4.43853214102898, "worstrobust_test_mean": -4.909390232933102, "worstrobust_sim_mean": -107.444, "worstrobust_sim_var": 0.0, "naive_bcr_l1_train_var": -5.200000000000004, "naive_bcr_l1_train_mean": -5.200000000000004, "naive_bcr_l1_test_mean": -5.200000000000004, "naive_bcr_l1_sim_mean": -121.962, "naive_bcr_l1_sim_var": 0.0, "weighted_bcr_l1_train_var": -5.200000000000004, "weighted_bcr_l1_train_mean": -5.200000000000004, "weighted_bcr_l1_test_mean": -5.200000000000004, "weighted_bcr_l1_sim_mean": -118.138, "weighted_bcr_l1_sim_var": 0.0, "naive_bcr_linf_train_var": -5.200000000000004, "naive_bcr_linf_train_mean": -5.200000000000004, "naive_bcr_linf_test_mean": -5.200000000000004, "naive_bcr_linf_sim_mean": -115.624, "naive_bcr_linf_sim_var": 0.0, "weighted_bcr_linf_train_var": -5.200000000000004, "weighted_bcr_linf_train_mean": -5.200000000000004, "weighted_bcr_linf_test_mean": -5.200000000000004, "weighted_bcr_linf_sim_mean": -121.424, "weighted_bcr_linf_sim_var": 0.0, "true_model_train_var": -4.226726245471893, "true_model_train_mean": -4.364832418980109, "true_model_test_mean": -4.876118382308619, "true_model_sim_mean": -85.276, "true_model_sim_var": 0.0, "_wandb": {"runtime": 28}}