{"var_RobustEDAC_train_var": -5.100545252522791, "var_RobustEDAC_train_mean": -5.30576685830584, "var_RobustEDAC_test_mean": -5.433188713016474, "var_RobustEDAC_sim_mean": -56.768, "var_RobustEDAC_sim_var": 0.0, "_timestamp": 1724142645.4729888, "_runtime": 36.31759285926819, "_step": 11, "var_EDAC_train_var": -4.786202784719212, "var_EDAC_train_mean": -4.898707040000289, "var_EDAC_test_mean": -5.061426642887504, "var_EDAC_sim_mean": -82.376, "var_EDAC_sim_var": 0.0, "asymptoticvar_train_var": -4.2161172608566195, "asymptoticvar_train_mean": -4.327384483827358, "asymptoticvar_test_mean": -4.833781175309775, "asymptoticvar_sim_mean": -100.958, "asymptoticvar_sim_var": 0.0, "var_train_var": -4.2161172608566195, "var_train_mean": -4.327384483827358, "var_test_mean": -4.833781175309775, "var_sim_mean": -107.578, "var_sim_var": 0.0, "cvar_train_var": -4.109938040012901, "cvar_train_mean": -4.24394627111666, "cvar_test_mean": -4.814491839768166, "cvar_sim_mean": -89.94, "cvar_sim_var": 0.0, "softrobust_train_var": -4.109938040012901, "softrobust_train_mean": -4.24394627111666, "softrobust_test_mean": -4.814491839768166, "softrobust_sim_mean": -82.352, "softrobust_sim_var": 0.0, "worstrobust_train_var": -4.109938040012901, "worstrobust_train_mean": -4.24394627111666, "worstrobust_test_mean": -4.814491839768166, "worstrobust_sim_mean": -85.854, "worstrobust_sim_var": 0.0, "naive_bcr_l1_train_var": -5.200000000000004, "naive_bcr_l1_train_mean": -5.200000000000004, "naive_bcr_l1_test_mean": -5.200000000000004, "naive_bcr_l1_sim_mean": -108.508, "naive_bcr_l1_sim_var": 0.0, "weighted_bcr_l1_train_var": -5.200000000000004, "weighted_bcr_l1_train_mean": -5.200000000000004, "weighted_bcr_l1_test_mean": -5.200000000000004, "weighted_bcr_l1_sim_mean": -113.934, "weighted_bcr_l1_sim_var": 0.0, "naive_bcr_linf_train_var": -5.200000000000004, "naive_bcr_linf_train_mean": -5.200000000000004, "naive_bcr_linf_test_mean": -5.200000000000004, "naive_bcr_linf_sim_mean": -107.03, "naive_bcr_linf_sim_var": 0.0, "weighted_bcr_linf_train_var": -5.200000000000004, "weighted_bcr_linf_train_mean": -5.200000000000004, "weighted_bcr_linf_test_mean": -5.200000000000004, "weighted_bcr_linf_sim_mean": -122.006, "weighted_bcr_linf_sim_var": 0.0, "true_model_train_var": -4.109938040012901, "true_model_train_mean": -4.24394627111666, "true_model_test_mean": -4.814491839768166, "true_model_sim_mean": -85.588, "true_model_sim_var": 0.0, "_wandb": {"runtime": 34}}