{"var_RobustEDAC_train_var": -4.971331051213811, "var_RobustEDAC_train_mean": -5.147051547975343, "var_RobustEDAC_test_mean": -5.365808387227372, "var_RobustEDAC_sim_mean": -61.322, "var_RobustEDAC_sim_var": 0.0, "_timestamp": 1724141645.4189372, "_runtime": 53.32858228683472, "_step": 11, "var_EDAC_train_var": -4.807554942198763, "var_EDAC_train_mean": -4.935229974112718, "var_EDAC_test_mean": -5.088085489420293, "var_EDAC_sim_mean": -77.902, "var_EDAC_sim_var": 0.0, "asymptoticvar_train_var": -4.257588003962927, "asymptoticvar_train_mean": -4.384155329168415, "asymptoticvar_test_mean": -4.822194039082891, "asymptoticvar_sim_mean": -88.18, "asymptoticvar_sim_var": 0.0, "var_train_var": -4.257588003962927, "var_train_mean": -4.384155329168415, "var_test_mean": -4.822194039082891, "var_sim_mean": -97.842, "var_sim_var": 0.0, "cvar_train_var": -4.257588003962927, "cvar_train_mean": -4.384155329168415, "cvar_test_mean": -4.822194039082891, "cvar_sim_mean": -94.63, "cvar_sim_var": 0.0, "softrobust_train_var": -4.257588003962927, "softrobust_train_mean": -4.384155329168415, "softrobust_test_mean": -4.822194039082891, "softrobust_sim_mean": -96.74, "softrobust_sim_var": 0.0, "worstrobust_train_var": -4.257588003962927, "worstrobust_train_mean": -4.384155329168415, "worstrobust_test_mean": -4.822194039082891, "worstrobust_sim_mean": -82.89, "worstrobust_sim_var": 0.0, "naive_bcr_l1_train_var": -5.200000000000004, "naive_bcr_l1_train_mean": -5.200000000000004, "naive_bcr_l1_test_mean": -5.200000000000004, "naive_bcr_l1_sim_mean": -100.184, "naive_bcr_l1_sim_var": 0.0, "weighted_bcr_l1_train_var": -5.200000000000004, "weighted_bcr_l1_train_mean": -5.200000000000004, "weighted_bcr_l1_test_mean": -5.200000000000004, "weighted_bcr_l1_sim_mean": -104.38, "weighted_bcr_l1_sim_var": 0.0, "naive_bcr_linf_train_var": -5.200000000000004, "naive_bcr_linf_train_mean": -5.200000000000004, "naive_bcr_linf_test_mean": -5.200000000000004, "naive_bcr_linf_sim_mean": -95.308, "naive_bcr_linf_sim_var": -2.0, "weighted_bcr_linf_train_var": -5.200000000000004, "weighted_bcr_linf_train_mean": -5.200000000000004, "weighted_bcr_linf_test_mean": -5.200000000000004, "weighted_bcr_linf_sim_mean": -99.578, "weighted_bcr_linf_sim_var": 0.0, "true_model_train_var": -4.173491629303719, "true_model_train_mean": -4.400152772239917, "true_model_test_mean": -4.706863300453364, "true_model_sim_mean": -100.296, "true_model_sim_var": 0.0, "_wandb": {"runtime": 52}}