{"var_RobustEDAC_train_var": -5.61006513884943, "var_RobustEDAC_train_mean": -5.802853435948649, "var_RobustEDAC_test_mean": -5.461459555957411, "var_RobustEDAC_sim_mean": -61.248, "var_RobustEDAC_sim_var": 0.0, "_timestamp": 1724141745.8011289, "_runtime": 58.683629751205444, "_step": 11, "var_EDAC_train_var": -5.242809866513487, "var_EDAC_train_mean": -5.357938936713463, "var_EDAC_test_mean": -5.2170783656944915, "var_EDAC_sim_mean": -91.416, "var_EDAC_sim_var": 0.0, "asymptoticvar_train_var": -4.878630016603821, "asymptoticvar_train_mean": -4.924500502366544, "asymptoticvar_test_mean": -5.03524082339618, "asymptoticvar_sim_mean": -98.86, "asymptoticvar_sim_var": 0.0, "var_train_var": -4.942665869346442, "var_train_mean": -4.984075001810517, "var_test_mean": -5.059084194977846, "var_sim_mean": -119.15, "var_sim_var": 0.0, "cvar_train_var": -4.942665869346442, "cvar_train_mean": -4.984075001810517, "cvar_test_mean": -5.059084194977846, "cvar_sim_mean": -130.644, "cvar_sim_var": 0.0, "softrobust_train_var": -4.767096252349033, "softrobust_train_mean": -4.813529400095056, "softrobust_test_mean": -5.062947877203597, "softrobust_sim_mean": -86.906, "softrobust_sim_var": 0.0, "worstrobust_train_var": -4.942665869346442, "worstrobust_train_mean": -4.984075001810517, "worstrobust_test_mean": -5.059084194977846, "worstrobust_sim_mean": -125.26, "worstrobust_sim_var": 0.0, "naive_bcr_l1_train_var": -5.200000000000004, "naive_bcr_l1_train_mean": -5.200000000000004, "naive_bcr_l1_test_mean": -5.200000000000004, "naive_bcr_l1_sim_mean": -133.766, "naive_bcr_l1_sim_var": 0.0, "weighted_bcr_l1_train_var": -5.200000000000004, "weighted_bcr_l1_train_mean": -5.200000000000004, "weighted_bcr_l1_test_mean": -5.200000000000004, "weighted_bcr_l1_sim_mean": -134.762, "weighted_bcr_l1_sim_var": 0.0, "naive_bcr_linf_train_var": -5.200000000000004, "naive_bcr_linf_train_mean": -5.200000000000004, "naive_bcr_linf_test_mean": -5.200000000000004, "naive_bcr_linf_sim_mean": -141.102, "naive_bcr_linf_sim_var": 0.0, "weighted_bcr_linf_train_var": -5.200000000000004, "weighted_bcr_linf_train_mean": -5.200000000000004, "weighted_bcr_linf_test_mean": -5.200000000000004, "weighted_bcr_linf_sim_mean": -132.93, "weighted_bcr_linf_sim_var": 0.0, "true_model_train_var": -5.572465639649582, "true_model_train_mean": -5.987903802577331, "true_model_test_mean": -5.062947877203597, "true_model_sim_mean": -83.188, "true_model_sim_var": -2.0, "_wandb": {"runtime": 57}}