{"var_RobustEDAC_train_var": 8.829304501363241, "var_RobustEDAC_train_mean": 6.44291072892975, "var_RobustEDAC_test_mean": 3.0298340423236505, "var_RobustEDAC_sim_mean": 65.63821786821013, "var_RobustEDAC_sim_var": 86.2971023227292, "_timestamp": 1724143333.795999, "_runtime": 65.5050151348114, "_step": 11, "var_EDAC_train_var": 8.365611590976691, "var_EDAC_train_mean": 5.999407617573735, "var_EDAC_test_mean": 2.633487654440233, "var_EDAC_sim_mean": 80.04435577908791, "var_EDAC_sim_var": 182.5942046454584, "asymptoticvar_train_var": 10.805319532442308, "asymptoticvar_train_mean": 8.248756835922414, "asymptoticvar_test_mean": 4.532427558068235, "asymptoticvar_sim_mean": 62.061992906477606, "asymptoticvar_sim_var": 120.0, "var_train_var": 10.805319532442308, "var_train_mean": 8.248756835922414, "var_test_mean": 4.532427558068235, "var_sim_mean": 68.92647120403224, "var_sim_var": 130.0, "cvar_train_var": 10.805319532442308, "cvar_train_mean": 8.248756835922414, "cvar_test_mean": 4.532427558068235, "cvar_sim_mean": 67.44644944131855, "cvar_sim_var": 140.0, "softrobust_train_var": 10.805319532442308, "softrobust_train_mean": 8.248756835922414, "softrobust_test_mean": 4.532427558068235, "softrobust_sim_mean": 67.3560943854504, "softrobust_sim_var": 130.0, "worstrobust_train_var": 10.805319532442308, "worstrobust_train_mean": 8.248756835922414, "worstrobust_test_mean": 4.532427558068235, "worstrobust_sim_mean": 63.55368859009586, "worstrobust_sim_var": 120.0, "naive_bcr_l1_train_var": 10.805319532442308, "naive_bcr_l1_train_mean": 8.248756835922414, "naive_bcr_l1_test_mean": 4.532427558068235, "naive_bcr_l1_sim_mean": 61.560340748286734, "naive_bcr_l1_sim_var": 125.0, "weighted_bcr_l1_train_var": 10.805319532442308, "weighted_bcr_l1_train_mean": 8.248756835922414, "weighted_bcr_l1_test_mean": 4.532427558068235, "weighted_bcr_l1_sim_mean": 63.83680449718669, "weighted_bcr_l1_sim_var": 125.0, "naive_bcr_linf_train_var": 10.805319532442308, "naive_bcr_linf_train_mean": 8.248756835922414, "naive_bcr_linf_test_mean": 4.532427558068235, "naive_bcr_linf_sim_mean": 64.7469929064776, "naive_bcr_linf_sim_var": 130.0, "weighted_bcr_linf_train_var": 10.805319532442308, "weighted_bcr_linf_train_mean": 8.248756835922414, "weighted_bcr_linf_test_mean": 4.532427558068235, "weighted_bcr_linf_sim_mean": 62.12013057628213, "weighted_bcr_linf_sim_var": 130.0, "true_model_train_var": 10.805319532442308, "true_model_train_mean": 8.248756835922414, "true_model_test_mean": 4.532427558068235, "true_model_sim_mean": 70.48984080855504, "true_model_sim_var": 135.0, "_wandb": {"runtime": 64}}