{"var_RobustEDAC_train_var": -5.01134162564891, "var_RobustEDAC_train_mean": -5.2224427116479255, "var_RobustEDAC_test_mean": -5.390326423178065, "var_RobustEDAC_sim_mean": -56.754, "var_RobustEDAC_sim_var": 0.0, "_timestamp": 1724142768.2425249, "_runtime": 53.47734189033508, "_step": 11, "var_EDAC_train_var": -4.69923459561074, "var_EDAC_train_mean": -4.800584051346235, "var_EDAC_test_mean": -5.010690423338945, "var_EDAC_sim_mean": -82.376, "var_EDAC_sim_var": 0.0, "asymptoticvar_train_var": -4.196151308664551, "asymptoticvar_train_mean": -4.281016666596456, "asymptoticvar_test_mean": -4.799231303802596, "asymptoticvar_sim_mean": -130.114, "asymptoticvar_sim_var": 0.0, "var_train_var": -4.196151308664551, "var_train_mean": -4.281016666596456, "var_test_mean": -4.799231303802596, "var_sim_mean": -142.304, "var_sim_var": 0.0, "cvar_train_var": -4.196151308664551, "cvar_train_mean": -4.281016666596456, "cvar_test_mean": -4.799231303802596, "cvar_sim_mean": -140.372, "cvar_sim_var": 0.0, "softrobust_train_var": -4.083435788196599, "softrobust_train_mean": -4.182755015333331, "softrobust_test_mean": -4.78062033840863, "softrobust_sim_mean": -96.932, "softrobust_sim_var": 0.0, "worstrobust_train_var": -4.196151308664551, "worstrobust_train_mean": -4.281016666596456, "worstrobust_test_mean": -4.799231303802596, "worstrobust_sim_mean": -137.358, "worstrobust_sim_var": 0.0, "naive_bcr_l1_train_var": -5.200000000000004, "naive_bcr_l1_train_mean": -5.200000000000004, "naive_bcr_l1_test_mean": -5.200000000000004, "naive_bcr_l1_sim_mean": -91.776, "naive_bcr_l1_sim_var": 0.0, "weighted_bcr_l1_train_var": -5.200000000000004, "weighted_bcr_l1_train_mean": -5.200000000000004, "weighted_bcr_l1_test_mean": -5.200000000000004, "weighted_bcr_l1_sim_mean": -93.574, "weighted_bcr_l1_sim_var": 0.0, "naive_bcr_linf_train_var": -5.200000000000004, "naive_bcr_linf_train_mean": -5.200000000000004, "naive_bcr_linf_test_mean": -5.200000000000004, "naive_bcr_linf_sim_mean": -88.6, "naive_bcr_linf_sim_var": 0.0, "weighted_bcr_linf_train_var": -5.200000000000004, "weighted_bcr_linf_train_mean": -5.200000000000004, "weighted_bcr_linf_test_mean": -5.200000000000004, "weighted_bcr_linf_sim_mean": -104.082, "weighted_bcr_linf_sim_var": 0.0, "true_model_train_var": -4.083435788196599, "true_model_train_mean": -4.182755015333331, "true_model_test_mean": -4.78062033840863, "true_model_sim_mean": -98.84, "true_model_sim_var": 0.0, "_wandb": {"runtime": 51}}