{"var_RobustEDAC_train_var": 12.916234848077037, "var_RobustEDAC_train_mean": 9.138294914859948, "var_RobustEDAC_test_mean": 8.938127478923287, "var_RobustEDAC_sim_mean": 55.66978297554626, "var_RobustEDAC_sim_var": 85.0, "_timestamp": 1724142994.089691, "_runtime": 64.85549283027649, "_step": 11, "var_EDAC_train_var": 12.486926262807454, "var_EDAC_train_mean": 8.712610297323081, "var_EDAC_test_mean": 8.575098517765861, "var_EDAC_sim_mean": 94.90523999253371, "var_EDAC_sim_var": 345.1884092909168, "asymptoticvar_train_var": 14.840955704134519, "asymptoticvar_train_mean": 10.802439416279533, "asymptoticvar_test_mean": 10.395447143643324, "asymptoticvar_sim_mean": 59.72958711112307, "asymptoticvar_sim_var": 120.0, "var_train_var": 14.840955704134519, "var_train_mean": 10.802439416279533, "var_test_mean": 10.395447143643324, "var_sim_mean": 61.519188529827545, "var_sim_var": 130.0, "cvar_train_var": 14.840955704134519, "cvar_train_mean": 10.802439416279533, "cvar_test_mean": 10.395447143643324, "cvar_sim_mean": 69.92147120403223, "cvar_sim_var": 135.0, "softrobust_train_var": 15.213348510606885, "softrobust_train_mean": 11.140679699365789, "softrobust_test_mean": 10.598331930539862, "softrobust_sim_mean": 79.82624672444622, "softrobust_sim_var": 155.0, "worstrobust_train_var": 14.840955704134519, "worstrobust_train_mean": 10.802439416279533, "worstrobust_test_mean": 10.395447143643324, "worstrobust_sim_mean": 64.62163785060946, "worstrobust_sim_var": 130.0, "naive_bcr_l1_train_var": 14.840955704134519, "naive_bcr_l1_train_mean": 10.802439416279533, "naive_bcr_l1_test_mean": 10.395447143643324, "naive_bcr_l1_sim_mean": 67.42203643190498, "naive_bcr_l1_sim_var": 125.0, "weighted_bcr_l1_train_var": 14.840955704134519, "weighted_bcr_l1_train_mean": 10.802439416279533, "weighted_bcr_l1_test_mean": 10.395447143643324, "weighted_bcr_l1_sim_mean": 63.32385523667309, "weighted_bcr_l1_sim_var": 125.0, "naive_bcr_linf_train_var": 14.840955704134519, "naive_bcr_linf_train_mean": 10.802439416279533, "naive_bcr_linf_test_mean": 10.395447143643324, "naive_bcr_linf_sim_mean": 71.96984080855505, "naive_bcr_linf_sim_var": 140.0, "weighted_bcr_linf_train_var": 14.840955704134519, "weighted_bcr_linf_train_mean": 10.802439416279533, "weighted_bcr_linf_test_mean": 10.395447143643324, "weighted_bcr_linf_sim_mean": 68.41034074828673, "weighted_bcr_linf_sim_var": 140.0, "true_model_train_var": 15.213348510606885, "true_model_train_mean": 11.140679699365789, "true_model_test_mean": 10.598331930539862, "true_model_sim_mean": 95.96269616576477, "true_model_sim_var": 165.0, "_wandb": {"runtime": 63}}