{"var_RobustEDAC_train_var": -5.6761796153023125, "var_RobustEDAC_train_mean": -5.866680103763984, "var_RobustEDAC_test_mean": -5.842644696585156, "var_RobustEDAC_sim_mean": -61.104, "var_RobustEDAC_sim_var": 0.0, "_timestamp": 1724141434.968339, "_runtime": 59.70420694351196, "_step": 11, "var_EDAC_train_var": -5.202739171923042, "var_EDAC_train_mean": -5.271605975946296, "var_EDAC_test_mean": -5.31310715943892, "var_EDAC_sim_mean": -95.142, "var_EDAC_sim_var": 0.0, "asymptoticvar_train_var": -5.065229722064667, "asymptoticvar_train_mean": -5.11187065225268, "asymptoticvar_test_mean": -5.152709359605915, "asymptoticvar_sim_mean": -120.282, "asymptoticvar_sim_var": 0.0, "var_train_var": -4.898854721651218, "var_train_mean": -4.976115857238959, "var_test_mean": -5.106796116504856, "var_sim_mean": -94.644, "var_sim_var": 0.0, "cvar_train_var": -4.898854721651218, "cvar_train_mean": -4.976115857238959, "cvar_test_mean": -5.106796116504856, "cvar_sim_mean": -98.49, "cvar_sim_var": 0.0, "softrobust_train_var": -4.688029595540743, "softrobust_train_mean": -4.794374863989265, "softrobust_test_mean": -5.055181253491964, "softrobust_sim_mean": -80.848, "softrobust_sim_var": 0.0, "worstrobust_train_var": -4.898854721651218, "worstrobust_train_mean": -4.976115857238959, "worstrobust_test_mean": -5.106796116504856, "worstrobust_sim_mean": -97.334, "worstrobust_sim_var": 0.0, "naive_bcr_l1_train_var": -5.200000000000004, "naive_bcr_l1_train_mean": -5.200000000000004, "naive_bcr_l1_test_mean": -5.200000000000004, "naive_bcr_l1_sim_mean": -136.726, "naive_bcr_l1_sim_var": 0.0, "weighted_bcr_l1_train_var": -5.200000000000004, "weighted_bcr_l1_train_mean": -5.200000000000004, "weighted_bcr_l1_test_mean": -5.200000000000004, "weighted_bcr_l1_sim_mean": -129.718, "weighted_bcr_l1_sim_var": 0.0, "naive_bcr_linf_train_var": -5.200000000000004, "naive_bcr_linf_train_mean": -5.200000000000004, "naive_bcr_linf_test_mean": -5.200000000000004, "naive_bcr_linf_sim_mean": -142.546, "naive_bcr_linf_sim_var": 0.0, "weighted_bcr_linf_train_var": -5.200000000000004, "weighted_bcr_linf_train_mean": -5.200000000000004, "weighted_bcr_linf_test_mean": -5.200000000000004, "weighted_bcr_linf_sim_mean": -129.492, "weighted_bcr_linf_sim_var": 0.0, "true_model_train_var": -5.243982323748666, "true_model_train_mean": -5.716931717316052, "true_model_test_mean": -5.444723570632567, "true_model_sim_mean": -69.908, "true_model_sim_var": -2.0, "_wandb": {"runtime": 58}}