{"var_RobustEDAC_train_var": 2.5000000000000018, "var_RobustEDAC_train_mean": 2.5000000000000018, "var_RobustEDAC_test_mean": 2.5000000000000018, "var_RobustEDAC_sim_mean": 500.0, "var_RobustEDAC_sim_var": 500.0, "_timestamp": 1724179594.250072, "_runtime": 145.49863290786743, "_step": 11, "var_EDAC_train_var": 2.5000000000000018, "var_EDAC_train_mean": 2.5000000000000018, "var_EDAC_test_mean": 2.5000000000000018, "var_EDAC_sim_mean": 500.0, "var_EDAC_sim_var": 500.0, "asymptoticvar_train_var": 10.805319532442308, "asymptoticvar_train_mean": 8.856049847704048, "asymptoticvar_test_mean": 4.532427558068235, "asymptoticvar_sim_mean": 484.26428988826376, "asymptoticvar_sim_var": 500.0, "var_train_var": 10.805319532442308, "var_train_mean": 8.856049847704048, "var_test_mean": 4.532427558068235, "var_sim_mean": 481.75707250220006, "var_sim_var": 500.0, "cvar_train_var": 10.805319532442308, "cvar_train_mean": 8.856049847704048, "cvar_test_mean": 4.532427558068235, "cvar_sim_mean": 479.2898551161365, "cvar_sim_var": 500.0, "softrobust_train_var": 11.320060381192793, "softrobust_train_mean": 9.073094097889795, "softrobust_test_mean": 4.490266738973357, "softrobust_sim_mean": 459.1592898882637, "softrobust_sim_var": 500.0, "worstrobust_train_var": 10.805319532442308, "worstrobust_train_mean": 8.856049847704048, "worstrobust_test_mean": 4.532427558068235, "worstrobust_sim_mean": 485.90410147897285, "worstrobust_sim_var": 500.0, "naive_bcr_l1_train_var": 10.805319532442308, "naive_bcr_l1_train_mean": 8.856049847704048, "naive_bcr_l1_test_mean": 4.532427558068235, "naive_bcr_l1_sim_mean": 484.662992785941, "naive_bcr_l1_sim_var": 500.0, "weighted_bcr_l1_train_var": 10.805319532442308, "weighted_bcr_l1_train_mean": 8.856049847704048, "weighted_bcr_l1_test_mean": 4.532427558068235, "weighted_bcr_l1_sim_mean": 480.117260911491, "weighted_bcr_l1_sim_var": 500.0, "naive_bcr_linf_train_var": 10.805319532442308, "naive_bcr_linf_train_mean": 8.856049847704048, "naive_bcr_linf_test_mean": 4.532427558068235, "naive_bcr_linf_sim_mean": 482.6144782975547, "naive_bcr_linf_sim_var": 500.0, "weighted_bcr_linf_train_var": 10.805319532442308, "weighted_bcr_linf_train_mean": 8.856049847704048, "weighted_bcr_linf_test_mean": 4.532427558068235, "weighted_bcr_linf_sim_mean": 477.6250435254274, "weighted_bcr_linf_sim_var": 500.0, "true_model_train_var": 11.320060381192793, "true_model_train_mean": 9.073094097889795, "true_model_test_mean": 4.490266738973357, "true_model_sim_mean": 463.3383696045228, "true_model_sim_var": 500.0, "_wandb": {"runtime": 144}}