{"var_RobustEDAC_train_var": -5.708406771072799, "var_RobustEDAC_train_mean": -5.875729377406489, "var_RobustEDAC_test_mean": -5.471479861682822, "var_RobustEDAC_sim_mean": -57.808, "var_RobustEDAC_sim_var": 0.0, "_timestamp": 1724142045.2721741, "_runtime": 53.025928020477295, "_step": 11, "var_EDAC_train_var": -5.235513925382927, "var_EDAC_train_mean": -5.323874789194754, "var_EDAC_test_mean": -5.216942879937287, "var_EDAC_sim_mean": -85.48, "var_EDAC_sim_var": 0.0, "asymptoticvar_train_var": -4.702387182134268, "asymptoticvar_train_mean": -4.772195956576855, "asymptoticvar_test_mean": -5.002392534030951, "asymptoticvar_sim_mean": -82.324, "asymptoticvar_sim_var": 0.0, "var_train_var": -4.604828066511612, "var_train_mean": -4.700319064610707, "var_test_mean": -4.944103783989338, "var_sim_mean": -92.134, "var_sim_var": 0.0, "cvar_train_var": -4.692265766942183, "cvar_train_mean": -4.777118845858515, "cvar_test_mean": -4.989755535449845, "cvar_sim_mean": -110.384, "cvar_sim_var": 0.0, "softrobust_train_var": -4.604828066511612, "softrobust_train_mean": -4.700319064610707, "softrobust_test_mean": -4.944103783989338, "softrobust_sim_mean": -96.594, "softrobust_sim_var": 0.0, "worstrobust_train_var": -4.692265766942183, "worstrobust_train_mean": -4.777118845858515, "worstrobust_test_mean": -4.989755535449845, "worstrobust_sim_mean": -97.966, "worstrobust_sim_var": 0.0, "naive_bcr_l1_train_var": -5.200000000000004, "naive_bcr_l1_train_mean": -5.200000000000004, "naive_bcr_l1_test_mean": -5.200000000000004, "naive_bcr_l1_sim_mean": -131.846, "naive_bcr_l1_sim_var": 0.0, "weighted_bcr_l1_train_var": -5.200000000000004, "weighted_bcr_l1_train_mean": -5.200000000000004, "weighted_bcr_l1_test_mean": -5.200000000000004, "weighted_bcr_l1_sim_mean": -131.536, "weighted_bcr_l1_sim_var": 0.0, "naive_bcr_linf_train_var": -5.200000000000004, "naive_bcr_linf_train_mean": -5.200000000000004, "naive_bcr_linf_test_mean": -5.200000000000004, "naive_bcr_linf_sim_mean": -126.142, "naive_bcr_linf_sim_var": 0.0, "weighted_bcr_linf_train_var": -5.200000000000004, "weighted_bcr_linf_train_mean": -5.200000000000004, "weighted_bcr_linf_test_mean": -5.200000000000004, "weighted_bcr_linf_sim_mean": -132.464, "weighted_bcr_linf_sim_var": 0.0, "true_model_train_var": -5.394465632686021, "true_model_train_mean": -5.7777673629034965, "true_model_test_mean": -4.944103783989338, "true_model_sim_mean": -89.856, "true_model_sim_var": -2.0, "_wandb": {"runtime": 51}}