{"var_RobustEDAC_train_var": -5.126182610127048, "var_RobustEDAC_train_mean": -5.3322401807543, "var_RobustEDAC_test_mean": -5.530641689598129, "var_RobustEDAC_sim_mean": -63.7, "var_RobustEDAC_sim_var": 0.0, "_timestamp": 1724104577.422015, "_runtime": 21.564297914505005, "_step": 11, "var_EDAC_train_var": -4.726976587105724, "var_EDAC_train_mean": -4.81630015905287, "var_EDAC_test_mean": -5.039315095974214, "var_EDAC_sim_mean": -94.626, "var_EDAC_sim_var": 0.0, "asymptoticvar_train_var": -4.537118941292597, "asymptoticvar_train_mean": -4.613049111012342, "asymptoticvar_test_mean": -4.858478066248882, "asymptoticvar_sim_mean": -105.332, "asymptoticvar_sim_var": 0.0, "var_train_var": -4.486768658805139, "var_train_mean": -4.558321747157642, "var_test_mean": -4.858478066248882, "var_sim_mean": -86.946, "var_sim_var": 0.0, "cvar_train_var": -4.486768658805139, "cvar_train_mean": -4.558321747157642, "cvar_test_mean": -4.858478066248882, "cvar_sim_mean": -82.642, "cvar_sim_var": 0.0, "softrobust_train_var": -4.096982128713472, "softrobust_train_mean": -4.288046889267268, "softrobust_test_mean": -4.737885312615113, "softrobust_sim_mean": -71.806, "softrobust_sim_var": 0.0, "worstrobust_train_var": -4.486768658805139, "worstrobust_train_mean": -4.558321747157642, "worstrobust_test_mean": -4.858478066248882, "worstrobust_sim_mean": -91.1, "worstrobust_sim_var": 0.0, "naive_bcr_l1_train_var": -5.200000000000004, "naive_bcr_l1_train_mean": -5.200000000000004, "naive_bcr_l1_test_mean": -5.200000000000004, "naive_bcr_l1_sim_mean": -122.376, "naive_bcr_l1_sim_var": 0.0, "weighted_bcr_l1_train_var": -5.200000000000004, "weighted_bcr_l1_train_mean": -5.200000000000004, "weighted_bcr_l1_test_mean": -5.200000000000004, "weighted_bcr_l1_sim_mean": -117.886, "weighted_bcr_l1_sim_var": 0.0, "naive_bcr_linf_train_var": -5.200000000000004, "naive_bcr_linf_train_mean": -5.200000000000004, "naive_bcr_linf_test_mean": -5.200000000000004, "naive_bcr_linf_sim_mean": -107.42, "naive_bcr_linf_sim_var": 0.0, "weighted_bcr_linf_train_var": -5.200000000000004, "weighted_bcr_linf_train_mean": -5.200000000000004, "weighted_bcr_linf_test_mean": -5.200000000000004, "weighted_bcr_linf_sim_mean": -121.96, "weighted_bcr_linf_sim_var": 0.0, "true_model_train_var": -4.096982128713472, "true_model_train_mean": -4.288046889267268, "true_model_test_mean": -4.737885312615113, "true_model_sim_mean": -75.956, "true_model_sim_var": 0.0, "_wandb": {"runtime": 21}}