{"var_RobustEDAC_train_var": -5.047687540344548, "var_RobustEDAC_train_mean": -5.251209376518577, "var_RobustEDAC_test_mean": -5.383939496648133, "var_RobustEDAC_sim_mean": -62.142, "var_RobustEDAC_sim_var": 0.0, "_timestamp": 1724141680.56944, "_runtime": 30.78817391395569, "_step": 11, "var_EDAC_train_var": -4.776119179462051, "var_EDAC_train_mean": -4.890105838203985, "var_EDAC_test_mean": -5.127972930995581, "var_EDAC_sim_mean": -90.706, "var_EDAC_sim_var": 0.0, "asymptoticvar_train_var": -4.4422251159221195, "asymptoticvar_train_mean": -4.536035046363436, "asymptoticvar_test_mean": -4.929518889752021, "asymptoticvar_sim_mean": -95.016, "asymptoticvar_sim_var": 0.0, "var_train_var": -4.4422251159221195, "var_train_mean": -4.536035046363436, "var_test_mean": -4.929518889752021, "var_sim_mean": -106.034, "var_sim_var": 0.0, "cvar_train_var": -4.4422251159221195, "cvar_train_mean": -4.536035046363436, "cvar_test_mean": -4.929518889752021, "cvar_sim_mean": -103.472, "cvar_sim_var": 0.0, "softrobust_train_var": -4.243342810508815, "softrobust_train_mean": -4.347492890588635, "softrobust_test_mean": -4.960353598374092, "softrobust_sim_mean": -88.396, "softrobust_sim_var": 0.0, "worstrobust_train_var": -4.4422251159221195, "worstrobust_train_mean": -4.536035046363436, "worstrobust_test_mean": -4.929518889752021, "worstrobust_sim_mean": -95.22, "worstrobust_sim_var": 0.0, "naive_bcr_l1_train_var": -5.200000000000004, "naive_bcr_l1_train_mean": -5.200000000000004, "naive_bcr_l1_test_mean": -5.200000000000004, "naive_bcr_l1_sim_mean": -118.462, "naive_bcr_l1_sim_var": 0.0, "weighted_bcr_l1_train_var": -5.200000000000004, "weighted_bcr_l1_train_mean": -5.200000000000004, "weighted_bcr_l1_test_mean": -5.200000000000004, "weighted_bcr_l1_sim_mean": -118.144, "weighted_bcr_l1_sim_var": 0.0, "naive_bcr_linf_train_var": -5.200000000000004, "naive_bcr_linf_train_mean": -5.200000000000004, "naive_bcr_linf_test_mean": -5.200000000000004, "naive_bcr_linf_sim_mean": -126.268, "naive_bcr_linf_sim_var": 0.0, "weighted_bcr_linf_train_var": -5.200000000000004, "weighted_bcr_linf_train_mean": -5.200000000000004, "weighted_bcr_linf_test_mean": -5.200000000000004, "weighted_bcr_linf_sim_mean": -116.336, "weighted_bcr_linf_sim_var": 0.0, "true_model_train_var": -4.243342810508815, "true_model_train_mean": -4.347492890588635, "true_model_test_mean": -4.960353598374092, "true_model_sim_mean": -84.81, "true_model_sim_var": 0.0, "_wandb": {"runtime": 29}}