{"var_RobustEDAC_train_var": 7.4841510496841765, "var_RobustEDAC_train_mean": 7.25139666920309, "var_RobustEDAC_test_mean": 4.276244315403248, "var_RobustEDAC_sim_mean": 500.0, "var_RobustEDAC_sim_var": 500.0, "_timestamp": 1724180875.106561, "_runtime": 167.2041618824005, "_step": 11, "var_EDAC_train_var": 7.4841510496841765, "var_EDAC_train_mean": 7.25139666920309, "var_EDAC_test_mean": 4.276244315403248, "var_EDAC_sim_mean": 500.0, "var_EDAC_sim_var": 500.0, "asymptoticvar_train_var": 12.831430921018818, "asymptoticvar_train_mean": 10.942334720786166, "asymptoticvar_test_mean": 8.286417417565247, "asymptoticvar_sim_mean": 481.75207250220006, "asymptoticvar_sim_var": 500.0, "var_train_var": 12.831430921018818, "var_train_mean": 10.942334720786166, "var_test_mean": 8.286417417565247, "var_sim_mean": 481.7370725022001, "var_sim_var": 500.0, "cvar_train_var": 12.831430921018818, "cvar_train_mean": 10.942334720786166, "cvar_test_mean": 8.286417417565247, "cvar_sim_mean": 478.4524493207819, "cvar_sim_var": 500.0, "softrobust_train_var": 12.831430921018818, "softrobust_train_mean": 10.942334720786166, "softrobust_test_mean": 8.286417417565247, "softrobust_sim_mean": 482.20077539987733, "softrobust_sim_var": 500.0, "worstrobust_train_var": 12.831430921018818, "worstrobust_train_mean": 10.942334720786166, "worstrobust_test_mean": 8.286417417565247, "worstrobust_sim_mean": 480.5159638091683, "worstrobust_sim_var": 500.0, "naive_bcr_l1_train_var": 12.831430921018818, "naive_bcr_l1_train_mean": 10.942334720786166, "naive_bcr_l1_test_mean": 8.286417417565247, "naive_bcr_l1_sim_mean": 479.2748551161365, "naive_bcr_l1_sim_var": 500.0, "weighted_bcr_l1_train_var": 12.831430921018818, "weighted_bcr_l1_train_mean": 10.942334720786166, "weighted_bcr_l1_test_mean": 8.286417417565247, "weighted_bcr_l1_sim_mean": 484.662992785941, "weighted_bcr_l1_sim_var": 500.0, "naive_bcr_linf_train_var": 10.443757421376937, "naive_bcr_linf_train_mean": 8.4966742654577, "naive_bcr_linf_test_mean": 6.694650560799626, "naive_bcr_linf_sim_mean": 276.8274493207819, "naive_bcr_linf_sim_var": 500.0, "weighted_bcr_linf_train_var": 10.709570457791205, "weighted_bcr_linf_train_mean": 8.764184395851451, "weighted_bcr_linf_test_mean": 6.816734981786275, "weighted_bcr_linf_sim_mean": 319.63188409290916, "weighted_bcr_linf_sim_var": 500.0, "true_model_train_var": 12.888222309799376, "true_model_train_mean": 10.944907531392436, "true_model_test_mean": 8.307536602580685, "true_model_sim_mean": 462.077992785941, "true_model_sim_var": 500.0, "_wandb": {"runtime": 166}}