{"var_RobustEDAC_train_var": 2.5000000000000018, "var_RobustEDAC_train_mean": 2.5000000000000018, "var_RobustEDAC_test_mean": 2.5000000000000018, "var_RobustEDAC_sim_mean": 500.0, "var_RobustEDAC_sim_var": 500.0, "_timestamp": 1724177823.219533, "_runtime": 163.3001790046692, "_step": 11, "var_EDAC_train_var": 2.5000000000000018, "var_EDAC_train_mean": 2.5000000000000018, "var_EDAC_test_mean": 2.5000000000000018, "var_EDAC_sim_mean": 500.0, "var_EDAC_sim_var": 500.0, "asymptoticvar_train_var": 11.873301976480953, "asymptoticvar_train_mean": 8.731647726762283, "asymptoticvar_test_mean": 4.532427558068235, "asymptoticvar_sim_mean": 482.99318119523184, "asymptoticvar_sim_var": 500.0, "var_train_var": 11.873301976480953, "var_train_mean": 8.731647726762283, "var_test_mean": 4.532427558068235, "var_sim_mean": 483.8455869905864, "var_sim_var": 500.0, "cvar_train_var": 11.873301976480953, "cvar_train_mean": 8.731647726762283, "cvar_test_mean": 4.532427558068235, "cvar_sim_mean": 478.03874642310467, "cvar_sim_var": 500.0, "softrobust_train_var": 11.873301976480953, "softrobust_train_mean": 8.731647726762283, "softrobust_test_mean": 4.532427558068235, "softrobust_sim_mean": 480.9246667068455, "softrobust_sim_var": 500.0, "worstrobust_train_var": 11.873301976480953, "worstrobust_train_mean": 8.731647726762283, "worstrobust_test_mean": 4.532427558068235, "worstrobust_sim_mean": 478.8761522184592, "worstrobust_sim_var": 500.0, "naive_bcr_l1_train_var": 11.873301976480953, "naive_bcr_l1_train_mean": 8.731647726762283, "naive_bcr_l1_test_mean": 4.532427558068235, "naive_bcr_l1_sim_mean": 482.58447829755465, "naive_bcr_l1_sim_var": 500.0, "weighted_bcr_l1_train_var": 11.873301976480953, "weighted_bcr_l1_train_mean": 8.731647726762283, "weighted_bcr_l1_test_mean": 4.532427558068235, "weighted_bcr_l1_sim_mean": 481.3383696045228, "weighted_bcr_l1_sim_var": 500.0, "naive_bcr_linf_train_var": 11.873301976480953, "naive_bcr_linf_train_mean": 8.731647726762283, "naive_bcr_linf_test_mean": 4.532427558068235, "naive_bcr_linf_sim_mean": 478.4374493207819, "naive_bcr_linf_sim_var": 500.0, "weighted_bcr_linf_train_var": 11.873301976480953, "weighted_bcr_linf_train_mean": 8.731647726762283, "weighted_bcr_linf_test_mean": 4.532427558068235, "weighted_bcr_linf_sim_mean": 481.7870725022001, "weighted_bcr_linf_sim_var": 500.0, "true_model_train_var": 11.873301976480953, "true_model_train_mean": 8.731647726762283, "true_model_test_mean": 4.532427558068235, "true_model_sim_mean": 480.9246667068455, "true_model_sim_var": 500.0, "_wandb": {"runtime": 162}}