{"var_RobustEDAC_train_var": -5.592915188839245, "var_RobustEDAC_train_mean": -5.752136501818695, "var_RobustEDAC_test_mean": -5.527354844998122, "var_RobustEDAC_sim_mean": -62.018, "var_RobustEDAC_sim_var": 0.0, "_timestamp": 1724142866.654098, "_runtime": 54.4686119556427, "_step": 11, "var_EDAC_train_var": -5.390101128078632, "var_EDAC_train_mean": -5.474467342782724, "var_EDAC_test_mean": -5.443477479960665, "var_EDAC_sim_mean": -50.908, "var_EDAC_sim_var": 0.0, "asymptoticvar_train_var": -4.8573255194459275, "asymptoticvar_train_mean": -4.90611889178267, "asymptoticvar_test_mean": -5.066825775656326, "asymptoticvar_sim_mean": -100.372, "asymptoticvar_sim_var": 0.0, "var_train_var": -4.8573255194459275, "var_train_mean": -4.90611889178267, "var_test_mean": -5.066825775656326, "var_sim_mean": -104.798, "var_sim_var": 0.0, "cvar_train_var": -4.8573255194459275, "cvar_train_mean": -4.90611889178267, "cvar_test_mean": -5.066825775656326, "cvar_sim_mean": -96.576, "cvar_sim_var": 0.0, "softrobust_train_var": -4.673960088531357, "softrobust_train_mean": -4.74744353926533, "softrobust_test_mean": -5.033896338579146, "softrobust_sim_mean": -78.67, "softrobust_sim_var": 0.0, "worstrobust_train_var": -4.8573255194459275, "worstrobust_train_mean": -4.90611889178267, "worstrobust_test_mean": -5.066825775656326, "worstrobust_sim_mean": -95.56, "worstrobust_sim_var": 0.0, "naive_bcr_l1_train_var": -5.200000000000004, "naive_bcr_l1_train_mean": -5.200000000000004, "naive_bcr_l1_test_mean": -5.200000000000004, "naive_bcr_l1_sim_mean": -143.46, "naive_bcr_l1_sim_var": 0.0, "weighted_bcr_l1_train_var": -5.200000000000004, "weighted_bcr_l1_train_mean": -5.200000000000004, "weighted_bcr_l1_test_mean": -5.200000000000004, "weighted_bcr_l1_sim_mean": -133.67, "weighted_bcr_l1_sim_var": 0.0, "naive_bcr_linf_train_var": -5.200000000000004, "naive_bcr_linf_train_mean": -5.200000000000004, "naive_bcr_linf_test_mean": -5.200000000000004, "naive_bcr_linf_sim_mean": -136.812, "naive_bcr_linf_sim_var": 0.0, "weighted_bcr_linf_train_var": -5.200000000000004, "weighted_bcr_linf_train_mean": -5.200000000000004, "weighted_bcr_linf_test_mean": -5.200000000000004, "weighted_bcr_linf_sim_mean": -132.564, "weighted_bcr_linf_sim_var": 0.0, "true_model_train_var": -6.593178479335625, "true_model_train_mean": -7.187573950929824, "true_model_test_mean": -6.526605895407819, "true_model_sim_mean": -38.582, "true_model_sim_var": -2.0, "_wandb": {"runtime": 53}}