{"var_RobustEDAC_train_var": 2.5000000000000018, "var_RobustEDAC_train_mean": 2.5000000000000018, "var_RobustEDAC_test_mean": 2.5000000000000018, "var_RobustEDAC_sim_mean": 500.0, "var_RobustEDAC_sim_var": 500.0, "_timestamp": 1724178845.436333, "_runtime": 185.19413995742798, "_step": 11, "var_EDAC_train_var": 2.5000000000000018, "var_EDAC_train_mean": 2.5000000000000018, "var_EDAC_test_mean": 2.5000000000000018, "var_EDAC_sim_mean": 500.0, "var_EDAC_sim_var": 500.0, "asymptoticvar_train_var": 11.873301976480953, "asymptoticvar_train_mean": 9.27870528353477, "asymptoticvar_test_mean": 4.42556669809288, "asymptoticvar_sim_mean": 482.9981811952319, "asymptoticvar_sim_var": 500.0, "var_train_var": 11.873301976480953, "var_train_mean": 9.27870528353477, "var_test_mean": 4.42556669809288, "var_sim_mean": 480.092260911491, "var_sim_var": 500.0, "cvar_train_var": 11.873301976480953, "cvar_train_mean": 9.27870528353477, "cvar_test_mean": 4.42556669809288, "cvar_sim_mean": 482.5644782975547, "cvar_sim_var": 500.0, "softrobust_train_var": 12.518342530175588, "softrobust_train_mean": 9.723071975941567, "softrobust_test_mean": 4.377095154104243, "softrobust_sim_mean": 457.04447829755463, "softrobust_sim_var": 500.0, "worstrobust_train_var": 11.873301976480953, "worstrobust_train_mean": 9.27870528353477, "worstrobust_test_mean": 4.42556669809288, "worstrobust_sim_mean": 484.2342898882637, "worstrobust_sim_var": 500.0, "naive_bcr_l1_train_var": 11.873301976480953, "naive_bcr_l1_train_mean": 9.27870528353477, "naive_bcr_l1_test_mean": 4.42556669809288, "naive_bcr_l1_sim_mean": 480.087260911491, "naive_bcr_l1_sim_var": 500.0, "weighted_bcr_l1_train_var": 11.873301976480953, "weighted_bcr_l1_train_mean": 9.27870528353477, "weighted_bcr_l1_test_mean": 4.42556669809288, "weighted_bcr_l1_sim_mean": 482.18577539987734, "weighted_bcr_l1_sim_var": 500.0, "naive_bcr_linf_train_var": 11.873301976480953, "naive_bcr_linf_train_mean": 9.27870528353477, "naive_bcr_linf_test_mean": 4.42556669809288, "naive_bcr_linf_sim_mean": 485.8791014789728, "naive_bcr_linf_sim_var": 500.0, "weighted_bcr_linf_train_var": 11.873301976480953, "weighted_bcr_linf_train_mean": 9.27870528353477, "weighted_bcr_linf_test_mean": 4.42556669809288, "weighted_bcr_linf_sim_mean": 483.4118840929092, "weighted_bcr_linf_sim_var": 500.0, "true_model_train_var": 12.518342530175588, "true_model_train_mean": 9.723071975941567, "true_model_test_mean": 4.377095154104243, "true_model_sim_mean": 457.7020725022001, "true_model_sim_var": 500.0, "_wandb": {"runtime": 184}}