{"var_RobustEDAC_train_var": 7.425743475880047, "var_RobustEDAC_train_mean": 7.248696798878865, "var_RobustEDAC_test_mean": 4.600906815957, "var_RobustEDAC_sim_mean": 500.0, "var_RobustEDAC_sim_var": 500.0, "_timestamp": 1724179774.014029, "_runtime": 168.01357793807983, "_step": 11, "var_EDAC_train_var": 7.425743475880047, "var_EDAC_train_mean": 7.248696798878865, "var_EDAC_test_mean": 4.600906815957, "var_EDAC_sim_mean": 500.0, "var_EDAC_sim_var": 500.0, "asymptoticvar_train_var": 14.832771919694437, "asymptoticvar_train_mean": 13.393382048135287, "asymptoticvar_test_mean": 6.552430230473317, "asymptoticvar_sim_mean": 483.43688409290917, "asymptoticvar_sim_var": 500.0, "var_train_var": 14.832771919694437, "var_train_mean": 13.393382048135287, "var_test_mean": 6.552430230473317, "var_sim_mean": 484.64799278594097, "var_sim_var": 500.0, "cvar_train_var": 14.832771919694437, "cvar_train_mean": 13.393382048135287, "cvar_test_mean": 6.552430230473317, "cvar_sim_mean": 480.51596380916834, "cvar_sim_var": 500.0, "softrobust_train_var": 15.204209458513466, "softrobust_train_mean": 13.591464044602935, "softrobust_test_mean": 6.507796509738857, "softrobust_sim_mean": 465.7170725022001, "softrobust_sim_var": 500.0, "worstrobust_train_var": 14.832771919694437, "worstrobust_train_mean": 13.393382048135287, "worstrobust_test_mean": 6.552430230473317, "worstrobust_sim_mean": 480.107260911491, "worstrobust_sim_var": 500.0, "naive_bcr_l1_train_var": 14.832771919694437, "naive_bcr_l1_train_mean": 13.393382048135287, "naive_bcr_l1_test_mean": 6.552430230473317, "naive_bcr_l1_sim_mean": 486.7365072743273, "naive_bcr_l1_sim_var": 500.0, "weighted_bcr_l1_train_var": 14.832771919694437, "weighted_bcr_l1_train_mean": 13.393382048135287, "weighted_bcr_l1_test_mean": 6.552430230473317, "weighted_bcr_l1_sim_mean": 476.4039348323955, "weighted_bcr_l1_sim_var": 500.0, "naive_bcr_linf_train_var": 12.350986076774669, "naive_bcr_linf_train_mean": 10.698641573637131, "naive_bcr_linf_test_mean": 4.8093876661646275, "naive_bcr_linf_sim_mean": 209.78374642310467, "naive_bcr_linf_sim_var": 405.0, "weighted_bcr_linf_train_var": 12.350986076774669, "weighted_bcr_linf_train_mean": 10.698641573637131, "weighted_bcr_linf_test_mean": 4.8093876661646275, "weighted_bcr_linf_sim_mean": 213.60763773007284, "weighted_bcr_linf_sim_var": 430.0, "true_model_train_var": 15.204209458513466, "true_model_train_mean": 13.591464044602935, "true_model_test_mean": 6.507796509738857, "true_model_sim_mean": 462.4659638091683, "true_model_sim_var": 500.0, "_wandb": {"runtime": 167}}