{"var_RobustEDAC_train_var": -4.924135378717139, "var_RobustEDAC_train_mean": -5.138001825112559, "var_RobustEDAC_test_mean": -5.271539864121632, "var_RobustEDAC_sim_mean": -61.548, "var_RobustEDAC_sim_var": 0.0, "_timestamp": 1724142923.584129, "_runtime": 50.82148003578186, "_step": 11, "var_EDAC_train_var": -4.82687649313395, "var_EDAC_train_mean": -4.959052743561745, "var_EDAC_test_mean": -5.224976251208462, "var_EDAC_sim_mean": -52.7, "var_EDAC_sim_var": 0.0, "asymptoticvar_train_var": -4.400881799803225, "asymptoticvar_train_mean": -4.481813971284799, "asymptoticvar_test_mean": -4.949578065831911, "asymptoticvar_sim_mean": -96.558, "asymptoticvar_sim_var": 0.0, "var_train_var": -4.400881799803225, "var_train_mean": -4.481813971284799, "var_test_mean": -4.949578065831911, "var_sim_mean": -103.79, "var_sim_var": 0.0, "cvar_train_var": -4.400881799803225, "cvar_train_mean": -4.481813971284799, "cvar_test_mean": -4.949578065831911, "cvar_sim_mean": -95.41, "cvar_sim_var": 0.0, "softrobust_train_var": -4.0908274054484615, "softrobust_train_mean": -4.3327885684906935, "softrobust_test_mean": -4.7880116394835905, "softrobust_sim_mean": -72.438, "softrobust_sim_var": 0.0, "worstrobust_train_var": -4.400881799803225, "worstrobust_train_mean": -4.481813971284799, "worstrobust_test_mean": -4.949578065831911, "worstrobust_sim_mean": -94.218, "worstrobust_sim_var": 0.0, "naive_bcr_l1_train_var": -5.200000000000004, "naive_bcr_l1_train_mean": -5.200000000000004, "naive_bcr_l1_test_mean": -5.200000000000004, "naive_bcr_l1_sim_mean": -106.388, "naive_bcr_l1_sim_var": -2.0, "weighted_bcr_l1_train_var": -5.200000000000004, "weighted_bcr_l1_train_mean": -5.200000000000004, "weighted_bcr_l1_test_mean": -5.200000000000004, "weighted_bcr_l1_sim_mean": -95.106, "weighted_bcr_l1_sim_var": 0.0, "naive_bcr_linf_train_var": -5.200000000000004, "naive_bcr_linf_train_mean": -5.200000000000004, "naive_bcr_linf_test_mean": -5.200000000000004, "naive_bcr_linf_sim_mean": -101.92, "naive_bcr_linf_sim_var": 0.0, "weighted_bcr_linf_train_var": -5.200000000000004, "weighted_bcr_linf_train_mean": -5.200000000000004, "weighted_bcr_linf_test_mean": -5.200000000000004, "weighted_bcr_linf_sim_mean": -100.604, "weighted_bcr_linf_sim_var": -2.0, "true_model_train_var": -4.7019445878193675, "true_model_train_mean": -4.954155552496925, "true_model_test_mean": -5.8886659318438594, "true_model_sim_mean": -31.494, "true_model_sim_var": 0.0, "_wandb": {"runtime": 49}}